'S Gravenwezel,2970,Antwerpen,11039
'S Herenelderen,3700,Limburg,73083
Aaigem,9420,Oost-Vlaanderen,41082
Aalbeke,8511,West-Vlaanderen,34022
Aalst,3800,Limburg,71053
Aalst,9300,Oost-Vlaanderen,71053
Aalter,9880,Oost-Vlaanderen,44001
Aarschot,3200,Vlaams-Brabant,24001
Aarsele,8700,West-Vlaanderen,37015
Aartrijke,8211,West-Vlaanderen,31040
Aartselaar,2630,Antwerpen,11001
Abolens,4280,Luik,64034
Achel,3930,Limburg,72037
Achet,5362,Namen,91059
Acosse,4219,Luik,64075
Acoz,6280,Henegouwen,52025
Adinkerke,8660,West-Vlaanderen,38008
Affligem,1790,Vlaams-Brabant,23105
Agimont,5544,Namen,91142
Aineffe,4317,Luik,64076
Aische-En-Refail,5310,Namen,92035
Aiseau,6250,Henegouwen,52074
Aisemont,5070,Namen,92048
Alken,3570,Limburg,73001
Alle,5550,Namen,91143
Alleur,4432,Luik,62003
Alsemberg,1652,Vlaams-Brabant,23003
Alveringem,8690,West-Vlaanderen,38002
Amay,4540,Luik,61003
Amberloup,6680,Luxemburg,82038
Ambly,6953,Luxemburg,83040
Ambresin,4219,Luik,64075
Amonines,6997,Luxemburg,83013
Amougies,7750,Henegouwen,57095
Ampsin,4540,Luik,61003
Andenne,5300,Namen,92003
Anderlecht,1070,Brussel,21001
Anderlues,6150,Henegouwen,56001
Andrimont,4821,Luik,63020
Angre,7387,Henegouwen,53083
Angreau,7387,Henegouwen,53083
Anlier,6721,Luxemburg,85046
Anloy,6890,Luxemburg,84035
Annevoie-Rouillon,5537,Namen,91005
Ans,4430,Luik,62003
Anseroeul,7750,Henegouwen,57095
Antheit,4520,Luik,61072
Anthisnes,4160,Luik,61079
Antoing,7640,Henegouwen,57003
Antwerpen,2000,Antwerpen,11002
Antwerpen,2018,Antwerpen,11002
Antwerpen,2020,Antwerpen,11002
Antwerpen,2030,Antwerpen,11002
Antwerpen,2040,Antwerpen,11002
Antwerpen,2050,Antwerpen,11002
Antwerpen,2060,Antwerpen,11002
Anvaing,7910,Henegouwen,51065
Anzegem,8570,West-Vlaanderen,34002
Appels,9200,Oost-Vlaanderen,42006
Appelterre-Eichem,9400,Oost-Vlaanderen,41048
Arbre,5170,Namen,92101
Arbre,7811,Henegouwen,92101
Arbrefontaine,4990,Luik,63045
Archennes,1390,Waals-Brabant,25037
Ardooie,8850,West-Vlaanderen,37020
Arendonk,2370,Antwerpen,13001
Argenteau,4601,Luik,62108
Arlon,6700,Luxemburg,81001
Arquennes,7181,Henegouwen,52063
Arsimont,5060,Namen,92137
Arville,6870,Luxemburg,84059
As,3665,Limburg,71002
Aspelare,9404,Oost-Vlaanderen,41048
Asper,9890,Oost-Vlaanderen,44020
Asquillies,7040,Henegouwen,53084
Asse,1730,Vlaams-Brabant,23002
Assebroek,8310,West-Vlaanderen,31005
Assenede,9960,Oost-Vlaanderen,43002
Assenois,6860,Luxemburg,84033
Assent,3460,Vlaams-Brabant,24008
Assesse,5330,Namen,92006
Astene,9800,Oost-Vlaanderen,44011
Ath,7800,Henegouwen,51004
Athis,7387,Henegouwen,53083
Attenhoven,3404,Vlaams-Brabant,24059
Attenrode,3384,Vlaams-Brabant,24137
Attert,6717,Luxemburg,81003
Attre,7941,Henegouwen,51012
Aubange,6790,Luxemburg,81004
Aubechies,7972,Henegouwen,51008
Aubel,4880,Luik,63003
Aublain,5660,Namen,93014
Auby-Sur-Semois,6880,Luxemburg,84009
Audregnies,7382,Henegouwen,53068
Aulnois,7040,Henegouwen,53084
Autelbas,6706,Luxemburg,81001
Autre-Eglise,1367,Waals-Brabant,25122
Autreppe,7387,Henegouwen,53083
Auvelais,5060,Namen,92137
Ave-Et-Auffe,5580,Namen,91114
Avekapelle,8630,West-Vlaanderen,38025
Avelgem,8580,West-Vlaanderen,34003
Avennes,4260,Luik,64015
Averbode,3271,Vlaams-Brabant,24134
Avernas-Le-Bauduin,4280,Luik,64034
Avin,4280,Luik,64034
Awans,4340,Luik,62006
Awenne,6870,Luxemburg,84059
Aye,6900,Luxemburg,83034
Ayeneux,4630,Luik,62099
Aywaille,4920,Luik,62009
Baaigem,9890,Oost-Vlaanderen,44020
Baardegem,9310,Oost-Vlaanderen,41002
Baarle-hertog,2387,Antwerpen,13002
Baasrode,9200,Oost-Vlaanderen,42006
Bachte-Maria-Leerne,9800,Oost-Vlaanderen,44011
Baelen,4837,Luik,63004
Baileux,6464,Henegouwen,56016
Bailleul,7730,Henegouwen,57027
Baillonville,5377,Namen,91120
Baisieux,7380,Henegouwen,53068
Baisy-Thy,1470,Waals-Brabant,25031
Balegem,9860,Oost-Vlaanderen,44052
Balen,2490,Antwerpen,13003
Bambrugge,9420,Oost-Vlaanderen,41082
Bande,6951,Luxemburg,83040
Baronville,5570,Namen,91013
Barvaux-Condroz,5370,Namen,91064
Bas-Oha,4520,Luik,61072
Basse-Bodeux,4983,Luik,63086
Bassenge,4690,Luik,62011
Bassevelde,9968,Oost-Vlaanderen,43002
Bassilly,7830,Henegouwen,55039
Bastogne,6600,Luxemburg,82003
Batsheers,3870,Limburg,73022
Battice,4651,Luik,63035
Baudour,7331,Henegouwen,53070
Bauffe,7870,Henegouwen,53046
Baugnies,7604,Henegouwen,57064
Baulers,1401,Waals-Brabant,25072
Bavegem,9520,Oost-Vlaanderen,41063
Bavikhove,8531,West-Vlaanderen,34013
Bazel,9150,Oost-Vlaanderen,46013
Beaumont,6500,Henegouwen,56005
Beauraing,5570,Namen,91013
Beausaint,6980,Luxemburg,83031
Beauvechain,1320,Waals-Brabant,25005
Beauwelz,6594,Henegouwen,56051
Beerlegem,9630,Oost-Vlaanderen,45065
Beernem,8730,West-Vlaanderen,31003
Beerse,2340,Antwerpen,13004
Beersel,1650,Vlaams-Brabant,23003
Beerst,8600,West-Vlaanderen,32003
Beert,1673,Vlaams-Brabant,23064
Beervelde,9080,Oost-Vlaanderen,44034
Beerzel,2580,Antwerpen,12029
Beez,5000,Namen,92094
Beffe,6987,Luxemburg,83044
Begijnendijk,3130,Vlaams-Brabant,24007
Beho,6672,Luxemburg,82037
Beigem,1852,Vlaams-Brabant,23025
Bekegem,8480,West-Vlaanderen,35006
Bekkerzeel,1730,Vlaams-Brabant,23002
Bekkevoort,3460,Vlaams-Brabant,24008
Belgrade,5001,Namen,92094
Bellaire,4610,Luik,62015
Bellecourt,7170,Henegouwen,52043
Bellefontaine,5555,Namen,85039
Bellefontaine,6730,Luxemburg,85039
Bellegem,8510,West-Vlaanderen,34022
Bellem,9881,Oost-Vlaanderen,44001
Bellevaux,6834,Luxemburg,84010
Bellevaux-Ligneuville,4960,Luik,63049
Bellingen,1674,Vlaams-Brabant,23064
Beloeil,7970,Henegouwen,51008
Belsele,9111,Oost-Vlaanderen,46021
Bende,6941,Luxemburg,83012
Berbroek,3540,Limburg,71024
Berchem,2600,Antwerpen,11002
Berchem,9690,Oost-Vlaanderen,11002
Berg,1910,Vlaams-Brabant,73083
Berg,3700,Limburg,73083
Beringen,3580,Limburg,71004
Berlaar,2590,Antwerpen,12002
Berlare,9290,Oost-Vlaanderen,42003
Berlingen,3830,Limburg,73098
Berloz,4257,Luik,64008
Berneau,4607,Luik,62027
Bernissart,7320,Henegouwen,51009
Bertem,3060,Vlaams-Brabant,24009
Bertogne,6687,Luxemburg,82005
Bertrix,6880,Luxemburg,84009
Beselare,8980,West-Vlaanderen,33037
Betekom,3130,Vlaams-Brabant,24007
Bettincourt,4300,Luik,64074
Beuzet,5030,Namen,92142
Bevel,2560,Antwerpen,12026
Bever,1547,Vlaams-Brabant,23009
Beveren,8791,West-Vlaanderen,46003
Beveren,8800,West-Vlaanderen,46003
Beverlo,3581,Limburg,71004
Beverst,3740,Limburg,73006
Beyne-heusay,4610,Luik,62015
Bienne-Lez-Happart,6543,Henegouwen,56044
Bierbeek,3360,Vlaams-Brabant,24011
Bierges,1301,Waals-Brabant,25112
Bierghes,1430,Waals-Brabant,25123
Bierwart,5380,Namen,92138
Biesme,5640,Namen,92087
Biesme-Sous-Thuin,6531,Henegouwen,56078
Biez,1390,Waals-Brabant,25037
Bikschote,8920,West-Vlaanderen,33040
Bilstain,4831,Luik,63046
Bilzen,3740,Limburg,73006
Binche,7130,Henegouwen,56011
Binderveld,3850,Limburg,71045
Binkom,3211,Vlaams-Brabant,24066
Bioul,5537,Namen,91005
Bissegem,8501,West-Vlaanderen,34022
Blaasveld,2830,Antwerpen,12040
Blaimont,5542,Namen,91142
Blanden,3052,Vlaams-Brabant,24086
Blankenberge,8370,West-Vlaanderen,31004
Blaregnies,7040,Henegouwen,53084
Blaton,7321,Henegouwen,51009
Blaugies,7370,Henegouwen,53020
Blehen,4280,Luik,64034
Bleid,6760,Luxemburg,85045
Bleret,4300,Luik,64074
Blicquy,7903,Henegouwen,57094
Bocholt,3950,Limburg,72003
Boechout,2530,Antwerpen,11004
Boekhout,3890,Limburg,71017
Boekhoute,9961,Oost-Vlaanderen,43002
Boezinge,8904,West-Vlaanderen,33011
Bogaarden,1670,Vlaams-Brabant,23064
Bohan,5550,Namen,91143
Boirs,4690,Luik,62011
Bois-D'Haine,7170,Henegouwen,52043
Bois-De-Lessines,7866,Henegouwen,55023
Bolinne,5310,Namen,92035
Bolland,4653,Luik,63035
Bomal,1367,Waals-Brabant,83012
Bombaye,4607,Luik,62027
Bon-Secours,7603,Henegouwen,57064
Boncelles,4100,Luik,62096
Boneffe,5310,Namen,92035
Bonheiden,2820,Antwerpen,12005
Bonlez,1325,Waals-Brabant,25018
Bonnert,6700,Luxemburg,81001
Bonneville,5300,Namen,92003
Bonsin,5377,Namen,91120
Booischot,2221,Antwerpen,12014
Booitshoeke,8630,West-Vlaanderen,38025
Boom,2850,Antwerpen,11005
Boorsem,3631,Limburg,73107
Boortmeerbeek,3190,Vlaams-Brabant,24014
Borchtlombeek,1761,Vlaams-Brabant,23097
Borgerhout,2140,Antwerpen,11002
Borgloon,3840,Limburg,73009
Borlez,4317,Luik,64076
Borlo,3891,Limburg,71017
Borlon,6941,Luxemburg,83012
Bornem,2880,Antwerpen,12007
Bornival,1404,Waals-Brabant,25072
Borsbeek,2150,Antwerpen,11007
Borsbeke,9552,Oost-Vlaanderen,41027
Bossuit,8583,West-Vlaanderen,34003
Bossut-Gottechain,1390,Waals-Brabant,25037
Bost,3300,Vlaams-Brabant,24107
Bothey,5032,Namen,92142
Bottelare,9820,Oost-Vlaanderen,44043
Bouffioulx,6200,Henegouwen,52012
Bouge,5004,Namen,92094
Bougnies,7040,Henegouwen,53084
Bouillon,6830,Luxemburg,84010
Bourlers,6464,Henegouwen,56016
Bourseigne-Neuve,5575,Namen,91054
Bourseigne-Vieille,5575,Namen,91054
Boussoit,7110,Henegouwen,55022
Boussu,7300,Henegouwen,53014
Boussu-En-Fagne,5660,Namen,93014
Boussu-Lez-Walcourt,6440,Henegouwen,56029
Bousval,1470,Waals-Brabant,25031
Boutersem,3370,Vlaams-Brabant,24016
Bouvignies,7803,Henegouwen,51004
Bouwel,2288,Antwerpen,13010
Bovekerke,8680,West-Vlaanderen,32010
Bovenistier,4300,Luik,64074
Bovesse,5081,Namen,92141
Bovigny,6671,Luxemburg,82037
Bra,4990,Luik,63045
Braffe,7604,Henegouwen,57064
Braibant,5590,Namen,91030
Braine-l'alleud,1420,Waals-Brabant,25014
Braine-le-comte,7090,Henegouwen,55004
Braives,4260,Luik,64015
Brakel,9660,Oost-Vlaanderen,45059
Branchon,5310,Namen,92035
Bras,6800,Luxemburg,84077
Brasmenil,7604,Henegouwen,57064
Brasschaat,2930,Antwerpen,11008
Bray,7130,Henegouwen,56011
Brecht,2960,Antwerpen,11009
Bredene,8450,West-Vlaanderen,35002
Bree,3960,Limburg,72004
Bressoux,4020,Luik,62063
Brielen,8900,West-Vlaanderen,33011
Broechem,2520,Antwerpen,11035
Broekom,3840,Limburg,73009
Brugelette,7940,Henegouwen,51012
Brugge,8000,West-Vlaanderen,31005
Brussegem,1785,Vlaams-Brabant,23052
Brussel,1000,Brussel,21004
Brustem,3800,Limburg,71053
Bruyelle,7641,Henegouwen,57003
Brye,6222,Henegouwen,52021
Budingen,3440,Vlaams-Brabant,24130
Buggenhout,9255,Oost-Vlaanderen,42004
Buissenal,7911,Henegouwen,51065
Buizingen,1501,Vlaams-Brabant,23027
Buken,1910,Vlaams-Brabant,23038
Bulskamp,8630,West-Vlaanderen,38025
Bunsbeek,3380,Vlaams-Brabant,24137
Burcht,2070,Antwerpen,11056
Burdinne,4210,Luik,61010
Bure,6927,Luxemburg,84068
Burst,9420,Oost-Vlaanderen,41082
Bury,7602,Henegouwen,57064
Butgenbach,4750,Luik,63013
Buvingen,3891,Limburg,71017
Buvrinnes,7133,Henegouwen,56011
Buzenol,6743,Luxemburg,85009
Buzet,6230,Henegouwen,52055
Callenelle,7604,Henegouwen,57064
Calonne,7642,Henegouwen,57003
Cambron-Saint-Vincent,7870,Henegouwen,53046
Carlsbourg,6850,Luxemburg,84050
Casteau,7061,Henegouwen,55040
Castillon,5650,Namen,93088
Celles,4317,Luik,91072
Celles,5561,Namen,91072
Celles,7760,Henegouwen,91072
Cerfontaine,5630,Namen,93010
Chaineux,4650,Luik,63035
Champlon,6971,Luxemburg,83049
Chanly,6921,Luxemburg,84075
Chantemelle,6742,Luxemburg,85009
Chapelle-lez-herlaimont,7160,Henegouwen,52010
Chapon-Seraing,4537,Luik,61063
Charleroi,6000,Henegouwen,52011
Charneux,4654,Luik,63035
Chassepierre,6824,Luxemburg,85011
Chastre-Villeroux-Blanmont,1450,Waals-Brabant,25117
Chaudfontaine,4050,Luik,62022
Chaumont-gistoux,1325,Waals-Brabant,25018
Cherain,6673,Luxemburg,82037
Chercq,7521,Henegouwen,57081
Chevetogne,5590,Namen,91030
Chevron,4987,Luik,63075
Chimay,6460,Henegouwen,56016
Chiny,6810,Luxemburg,85007
Ciergnon,5560,Namen,91072
Ciney,5590,Namen,91030
Ciplet,4260,Luik,64015
Ciply,7024,Henegouwen,53053
Clabecq,1480,Waals-Brabant,25105
Clavier,4560,Luik,61012
Clermont,4890,Luik,93088
Clermont,5650,Namen,93088
Clermont-Sous-Huy,4480,Luik,61080
Colfontaine,7340,Henegouwen,53082
Comblain-au-pont,4170,Luik,62026
Comblain-Fairon,4180,Luik,61024
Conneux,5590,Namen,91030
Corbais,1435,Waals-Brabant,25068
Cordes,7910,Henegouwen,51065
Corenne,5620,Namen,93022
Corroy-Le-Grand,1325,Waals-Brabant,25018
Corswarem,4257,Luik,64008
Cortil-Noirmont,1450,Waals-Brabant,25117
Cortil-Wodon,5380,Namen,92138
Couillet,6010,Henegouwen,52011
Cour-Sur-Heure,6120,Henegouwen,56086
Courcelles,6180,Henegouwen,52015
Court-saint-etienne,1490,Waals-Brabant,25023
Couthuin,4218,Luik,61028
Coutisse,5300,Namen,92003
Couture-Saint-Germain,1380,Waals-Brabant,25119
Couvin,5660,Namen,93014
Cras-Avernas,4280,Luik,64034
Crehen,4280,Luik,64034
Croix-Lez-Rouveroy,7120,Henegouwen,56085
Crombach,4784,Luik,63067
Crupet,5332,Namen,92006
Cuesmes,7033,Henegouwen,53053
Cugnon,6880,Luxemburg,84009
Cul-Des-Sarts,5660,Namen,93014
Custinne,5562,Namen,91072
Dadizele,8890,West-Vlaanderen,36012
Dailly,5660,Namen,93014
Daknam,9160,Oost-Vlaanderen,46014
Dalhem,4607,Luik,62027
Damme,8340,West-Vlaanderen,31006
Dampicourt,6767,Luxemburg,85047
Dampremy,6020,Henegouwen,52011
Darion,4253,Luik,64029
Daussois,5630,Namen,93010
Dave,5100,Namen,92094
Daverdisse,6929,Luxemburg,84016
De Haan,8420,West-Vlaanderen,35029
De Klinge,9170,Oost-Vlaanderen,46020
De Moeren,8630,West-Vlaanderen,38025
De Panne,8660,West-Vlaanderen,38008
De Pinte,9840,Oost-Vlaanderen,44012
Deerlijk,8540,West-Vlaanderen,34009
Deftinge,9570,Oost-Vlaanderen,45063
Deinze,9800,Oost-Vlaanderen,44011
Denderbelle,9280,Oost-Vlaanderen,42011
Denderhoutem,9450,Oost-Vlaanderen,41024
Denderleeuw,9470,Oost-Vlaanderen,41011
Dendermonde,9200,Oost-Vlaanderen,42006
Denderwindeke,9400,Oost-Vlaanderen,41048
Dentergem,8720,West-Vlaanderen,37002
Dergneau,7912,Henegouwen,51065
Dessel,2480,Antwerpen,13006
Desselgem,8792,West-Vlaanderen,34040
Destelbergen,9070,Oost-Vlaanderen,44013
Deurle,9831,Oost-Vlaanderen,44064
Deurne,2100,Antwerpen,24020
Deurne,3290,Vlaams-Brabant,24020
Deux-Acren,7864,Henegouwen,55023
Dhuy,5310,Namen,92035
Diegem,1831,Vlaams-Brabant,23047
Diepenbeek,3590,Limburg,71011
Diest,3290,Vlaams-Brabant,24020
Dikkebus,8900,West-Vlaanderen,33011
Dikkele,9630,Oost-Vlaanderen,45065
Diksmuide,8600,West-Vlaanderen,32003
Dilbeek,1700,Vlaams-Brabant,23016
Dilsen,3650,Limburg,72041
Dilsen-stokkem,3650,Limburg,72041
Dinant,5500,Namen,91034
Dion,5570,Namen,91013
Dison,4820,Luik,63020
Dochamps,6960,Luxemburg,83055
Doel,9130,Oost-Vlaanderen,46003
Dohan,6836,Luxemburg,84010
Doische,5680,Namen,93018
Dolembreux,4140,Luik,62100
Donceel,4357,Luik,64023
Dongelberg,1370,Waals-Brabant,25048
Donk,3540,Limburg,71024
Donstiennes,6536,Henegouwen,56078
Dorinne,5530,Namen,91141
Dormaal,3440,Vlaams-Brabant,24130
Dour,7370,Henegouwen,53020
Dourbes,5670,Namen,93090
Dranouter,8951,West-Vlaanderen,33039
Drogenbos,1620,Vlaams-Brabant,23098
Drongen,9031,Oost-Vlaanderen,44021
Dudzele,8380,West-Vlaanderen,31005
Duffel,2570,Antwerpen,12009
Duisburg,3080,Vlaams-Brabant,24104
Duras,3803,Limburg,71053
Durbuy,6940,Luxemburg,83012
Durnal,5530,Namen,91141
Dworp,1653,Vlaams-Brabant,23003
Eben-Emael,4690,Luik,62011
Ebly,6860,Luxemburg,84033
Edegem,2650,Antwerpen,11013
Eeklo,9900,Oost-Vlaanderen,43005
Eernegem,8480,West-Vlaanderen,35006
Egem,8740,West-Vlaanderen,37011
Eggewaartskapelle,8630,West-Vlaanderen,38025
Ehein,4120,Luik,62121
Ehein,4480,Luik,62121
Eigenbilzen,3740,Limburg,73006
Eindhout,2430,Antwerpen,13053
Eisden,3630,Limburg,73107
Ekeren,2180,Antwerpen,11002
Eksaarde,9160,Oost-Vlaanderen,46014
Elen,3650,Limburg,72041
Elewijt,1982,Vlaams-Brabant,23096
Elingen,1671,Vlaams-Brabant,23064
Ellemelle,4590,Luik,61048
Ellezelles,7890,Henegouwen,51017
Ellikom,3670,Limburg,72040
Elouges,7370,Henegouwen,53020
Elsenborn,4750,Luik,63013
Elsene,1050,Brussel,21009
Elst,9660,Oost-Vlaanderen,45059
Elverdinge,8906,West-Vlaanderen,33011
Elversele,9140,Oost-Vlaanderen,46025
Emblem,2520,Antwerpen,11035
Embourg,4053,Luik,62022
Emines,5080,Namen,92141
Emptinne,5363,Namen,91059
Engelmanshoven,3800,Limburg,71053
Engis,4480,Luik,61080
Enines,1350,Waals-Brabant,25120
Ensival,4800,Luik,63079
Epinois,7134,Henegouwen,56011
Eppegem,1980,Vlaams-Brabant,23096
Eprave,5580,Namen,91114
Erbaut,7050,Henegouwen,53044
Erbisoeul,7050,Henegouwen,53044
Erembodegem,9320,Oost-Vlaanderen,41002
Ermeton-Sur-Biert,5644,Namen,92087
Erneuville,6972,Luxemburg,83049
Ernonheid,4920,Luik,62009
Erondegem,9420,Oost-Vlaanderen,41082
Erpe,9420,Oost-Vlaanderen,41082
Erpent,5101,Namen,92094
Erpion,6441,Henegouwen,56029
Erps-Kwerps,3071,Vlaams-Brabant,24055
Erquelinnes,6560,Henegouwen,56022
Erquennes,7387,Henegouwen,53083
Ertvelde,9940,Oost-Vlaanderen,44019
Erwetegem,9620,Oost-Vlaanderen,41081
Escanaffles,7760,Henegouwen,57018
Esneux,4130,Luik,62032
Esplechin,7502,Henegouwen,57081
Esquelmes,7743,Henegouwen,57062
Essen,2910,Antwerpen,11016
Essene,1790,Vlaams-Brabant,23105
Estaimbourg,7730,Henegouwen,57027
Estaimpuis,7730,Henegouwen,57027
Estinnes-Au-Mont,7120,Henegouwen,56085
Estinnes-Au-Val,7120,Henegouwen,56085
Etalle,6740,Luxemburg,85009
Ethe,6760,Luxemburg,85045
Etikhove,9680,Oost-Vlaanderen,45064
Ettelgem,8460,West-Vlaanderen,35014
Etterbeek,1040,Brussel,21005
Eupen,4700,Luik,63023
Evelette,5350,Namen,92097
Everbeek,9660,Oost-Vlaanderen,45059
Everberg,3078,Vlaams-Brabant,24055
Evere,1140,Brussel,21006
Evergem,9940,Oost-Vlaanderen,44019
Evregnies,7730,Henegouwen,57027
Eynatten,4731,Luik,63061
Faimes,4317,Luik,64076
Falaen,5522,Namen,91103
Falisolle,5060,Namen,92137
Fallais,4260,Luik,64015
Falmagne,5500,Namen,91034
Falmignoul,5500,Namen,91034
Familleureux,7181,Henegouwen,52063
Farciennes,6240,Henegouwen,52018
Faulx-Les-Tombes,5340,Namen,92054
Fauroeulx,7120,Henegouwen,56085
Fauvillers,6637,Luxemburg,82009
Faymonville,4950,Luik,63080
Fays-Les-Veneurs,6856,Luxemburg,84050
Fayt-Le-Franc,7387,Henegouwen,53083
Fayt-Lez-Manage,7170,Henegouwen,52043
Felenne,5570,Namen,91013
Feluy,7181,Henegouwen,52063
Feneur,4607,Luik,62027
Feschaux,5570,Namen,91013
Fexhe-le-haut-clocher,4347,Luik,64025
Filot,4181,Luik,61024
Finnevaux,5560,Namen,91072
Fize-Fontaine,4530,Luik,61068
Flamierge,6686,Luxemburg,82005
Flavion,5620,Namen,93022
Flawinne,5020,Namen,92094
Fleurus,6220,Henegouwen,52021
Floreffe,5150,Namen,92045
Florennes,5620,Namen,93022
Florenville,6820,Luxemburg,85011
Floriffoux,5150,Namen,92045
Flostoy,5370,Namen,91064
Focant,5572,Namen,91013
Folx-Les-Caves,1350,Waals-Brabant,25120
Fontaine-Valmont,6567,Henegouwen,56049
Fontenelle,5650,Namen,93088
Fontenoille,6820,Luxemburg,85011
Fontenoy,7643,Henegouwen,57003
Forchies-La-Marche,6141,Henegouwen,52022
Forest,7910,Henegouwen,51065
Forge-Philippe,6596,Henegouwen,56051
Forges,6464,Henegouwen,56016
Forville,5380,Namen,92138
Fosses-la-ville,5070,Namen,92048
Fouleng,7830,Henegouwen,55039
Foy-Notre-Dame,5504,Namen,91034
Fraipont,4870,Luik,62122
Fraire,5650,Namen,93088
Fraiture,4557,Luik,61081
Frameries,7080,Henegouwen,53028
Framont,6853,Luxemburg,84050
Franc-Waret,5380,Namen,92138
Franchimont,5600,Namen,93056
Francorchamps,4970,Luik,63073
Frasnes,5660,Namen,93014
Frasnes-Lez-Gosselies,6210,Henegouwen,52075
Freux,6800,Luxemburg,84077
Froidchapelle,6440,Henegouwen,56029
Froidfontaine,5576,Namen,91013
Fronville,6990,Luxemburg,83028
Froyennes,7503,Henegouwen,57081
Fumal,4260,Luik,64015
Furfooz,5500,Namen,91034
Furnaux,5641,Namen,92087
Gaasbeek,1750,Vlaams-Brabant,23104
Gages,7943,Henegouwen,51012
Gallaix,7906,Henegouwen,57094
Galmaarden,1570,Vlaams-Brabant,23023
Ganshoren,1083,Brussel,21008
Gaurain-Ramecroix,7530,Henegouwen,57081
Gavere,9890,Oost-Vlaanderen,44020
Gedinne,5575,Namen,91054
Geel,2440,Antwerpen,13008
Geer,4250,Luik,64029
Geetbets,3450,Vlaams-Brabant,24028
Gelinden,3800,Limburg,71053
Gellik,3620,Limburg,73042
Gelrode,3200,Vlaams-Brabant,24001
Geluveld,8980,West-Vlaanderen,33037
Geluwe,8940,West-Vlaanderen,33029
Gembes,6929,Luxemburg,84016
Gembloux,5030,Namen,92142
Gemmenich,4851,Luik,63088
Genappe,1470,Waals-Brabant,25031
Genk,3600,Limburg,71016
Genly,7040,Henegouwen,53084
Gent,9000,Oost-Vlaanderen,44021
Gentbrugge,9050,Oost-Vlaanderen,44021
Gentinnes,1450,Waals-Brabant,25117
Genval,1332,Waals-Brabant,25091
Geraardsbergen,9500,Oost-Vlaanderen,41018
Gerin,5524,Namen,91103
Gerpinnes,6280,Henegouwen,52025
Gesves,5340,Namen,92054
Ghislenghien,7822,Henegouwen,51004
Ghoy,7863,Henegouwen,55023
Gibecq,7823,Henegouwen,51004
Gijverinkhove,8691,West-Vlaanderen,38002
Gijzegem,9308,Oost-Vlaanderen,41002
Gijzelbrechtegem,8570,West-Vlaanderen,34002
Gijzenzele,9860,Oost-Vlaanderen,44052
Gilly,6060,Henegouwen,52011
Gingelom,3890,Limburg,71017
Gistel,8470,West-Vlaanderen,35005
Gits,8830,West-Vlaanderen,36006
Givry,7041,Henegouwen,53084
Glabais,1473,Waals-Brabant,25031
Glabbeek,3380,Vlaams-Brabant,24137
Glimes,1315,Waals-Brabant,25043
Godarville,7160,Henegouwen,52010
Godinne,5530,Namen,91141
Godveerdegem,9620,Oost-Vlaanderen,41081
Goeferdinge,9500,Oost-Vlaanderen,41018
Goesnes,5353,Namen,92097
Goetsenhoven,3300,Vlaams-Brabant,24107
Gondregnies,7830,Henegouwen,55039
Gonrieux,5660,Namen,93014
Gontrode,9090,Oost-Vlaanderen,44040
Gooik,1755,Vlaams-Brabant,23024
Gors-Opleeuw,3840,Limburg,73009
Gorsem,3803,Limburg,71053
Gotem,3840,Limburg,73009
Gottem,9800,Oost-Vlaanderen,44011
Gougnies,6280,Henegouwen,52025
Gourdinne,5651,Namen,93088
Goutroux,6030,Henegouwen,52011
Gouvy,6670,Luxemburg,82037
Graide,5555,Namen,91015
Grammene,9800,Oost-Vlaanderen,44011
Grand-Axhe,4300,Luik,64074
Grand-Hallet,4280,Luik,64034
Grand-Halleux,6698,Luxemburg,82032
Grand-Rechain,4650,Luik,63035
Grand-Reng,6560,Henegouwen,56022
Grandhan,6940,Luxemburg,83012
Grandmenil,6960,Luxemburg,83055
Grandmetz,7900,Henegouwen,57094
Grandrieu,6470,Henegouwen,56088
Grandvoir,6840,Luxemburg,84043
Grapfontaine,6840,Luxemburg,84043
Graty,7830,Henegouwen,55039
Graux,5640,Namen,92087
Grazen,3450,Vlaams-Brabant,24028
Grembergen,9200,Oost-Vlaanderen,42006
Grez-doiceau,1390,Waals-Brabant,25037
Grimbergen,1850,Vlaams-Brabant,23025
Grimminge,9506,Oost-Vlaanderen,41018
Grivegnee,4030,Luik,62063
Grobbendonk,2280,Antwerpen,13010
Groot-Gelmen,3800,Limburg,71053
Groot-Loon,3840,Limburg,73009
Grosage,7950,Henegouwen,51014
Grote-Spouwen,3740,Limburg,73006
Grotenberge,9620,Oost-Vlaanderen,41081
Gruitrode,3670,Limburg,72040
Grune,6952,Luxemburg,83040
Grupont,6927,Luxemburg,84068
Guignies,7620,Henegouwen,57093
Guigoven,3723,Limburg,73040
Guirsch,6704,Luxemburg,81001
Gullegem,8560,West-Vlaanderen,34041
Haacht,3150,Vlaams-Brabant,24033
Haaltert,9450,Oost-Vlaanderen,41024
Haasdonk,9120,Oost-Vlaanderen,46003
Haasrode,3053,Vlaams-Brabant,24086
Habay-La-Neuve,6720,Luxemburg,85046
Habay-La-Vieille,6723,Luxemburg,85046
Habergy,6782,Luxemburg,81015
Haccourt,4684,Luik,62079
Hachy,6720,Luxemburg,85046
Hacquegnies,7911,Henegouwen,51065
Haillot,5351,Namen,92097
Haine-Saint-Paul,7100,Henegouwen,55022
Haine-Saint-Pierre,7100,Henegouwen,55022
Hainin,7350,Henegouwen,53039
Hakendover,3300,Vlaams-Brabant,24107
Halanzy,6792,Luxemburg,81004
Halen,3545,Limburg,71020
Hallaar,2220,Antwerpen,12014
Halle,1500,Vlaams-Brabant,23027
Halle,2980,Antwerpen,23027
Halle-Booienhoven,3440,Vlaams-Brabant,24130
Halleux,6986,Luxemburg,83031
Halma,6922,Luxemburg,84075
Halmaal,3800,Limburg,71053
Haltinne,5340,Namen,92054
Ham-sur-heure,6120,Henegouwen,56086
Ham-Sur-Sambre,5190,Namen,92140
Hamme,1785,Vlaams-Brabant,42008
Hamme,9220,Oost-Vlaanderen,42008
Hamoir,4180,Luik,61024
Hamois,5360,Namen,91059
Hamont,3930,Limburg,72037
Hampteau,6990,Luxemburg,83028
Han-Sur-Lesse,5580,Namen,91114
Handzame,8610,West-Vlaanderen,32011
Haneffe,4357,Luik,64023
Hannut,4280,Luik,64034
Hanret,5310,Namen,92035
Hansbeke,9850,Oost-Vlaanderen,44049
Hanzinelle,5621,Namen,93022
Hanzinne,5621,Namen,93022
Harelbeke,8530,West-Vlaanderen,34013
Hargimont,6900,Luxemburg,83034
Harmignies,7022,Henegouwen,53053
Harnoncourt,6767,Luxemburg,85047
Harre,6960,Luxemburg,83055
Harsin,6950,Luxemburg,83040
Harveng,7022,Henegouwen,53053
Hasselt,3500,Limburg,71022
Haulchin,7120,Henegouwen,56085
Hauset,4730,Luik,63061
Haut-Fays,6929,Luxemburg,84016
Haut-Ittre,1461,Waals-Brabant,25044
Hautrage,7334,Henegouwen,53070
Havay,7041,Henegouwen,53084
Havelange,5370,Namen,91064
Havinnes,7531,Henegouwen,57081
Heer,5543,Namen,91142
Heers,3870,Limburg,73022
Hees,3740,Limburg,73006
Heestert,8551,West-Vlaanderen,34042
Heffen,2801,Antwerpen,12025
Heikruis,1670,Vlaams-Brabant,23064
Heindonk,2830,Antwerpen,12040
Heist-op-den-berg,2220,Antwerpen,12014
Hekelgem,1790,Vlaams-Brabant,23105
Heks,3870,Limburg,73022
Helchteren,3530,Limburg,72039
Heldergem,9450,Oost-Vlaanderen,41024
Helkijn,8587,West-Vlaanderen,34043
Hellebecq,7830,Henegouwen,55039
Hemelveerdegem,9571,Oost-Vlaanderen,45063
Hemiksem,2620,Antwerpen,11018
Hemptinne,5380,Namen,93022
Hendrieken,3840,Limburg,73009
Henis,3700,Limburg,73083
Henripont,7090,Henegouwen,55004
Hensies,7350,Henegouwen,53039
Heppen,3971,Limburg,71034
Heppenbach,4771,Luik,63001
Heppignies,6220,Henegouwen,52021
Herbeumont,6887,Luxemburg,84029
Herchies,7050,Henegouwen,53044
Herderen,3770,Limburg,73066
Herdersem,9310,Oost-Vlaanderen,41002
Herent,3020,Vlaams-Brabant,24038
Herentals,2200,Antwerpen,13011
Herenthout,2270,Antwerpen,13012
Herfelingen,1540,Vlaams-Brabant,23032
Hergenrath,4728,Luik,63040
Herk-de-stad,3540,Limburg,71024
Hermalle-Sous-Argenteau,4681,Luik,62079
Hermalle-Sous-Huy,4480,Luik,61080
Hermeton-Sur-Meuse,5540,Namen,91142
Herne,1540,Vlaams-Brabant,23032
Herquegies,7911,Henegouwen,51065
Herseaux,7712,Henegouwen,54007
Herselt,2230,Antwerpen,13013
Herstal,4040,Luik,62051
Herstappe,3717,Limburg,73028
Herten,3831,Limburg,73098
Hertsberge,8020,West-Vlaanderen,31022
Herve,4650,Luik,63035
Herzele,9550,Oost-Vlaanderen,41027
Heule,8501,West-Vlaanderen,34022
Heure,5377,Namen,91120
Heure-Le-Romain,4682,Luik,62079
Heurne,9700,Oost-Vlaanderen,45035
Heusden,3550,Limburg,71070
Heusden,9070,Oost-Vlaanderen,71070
Heusden-zolder,3550,Limburg,71070
Heusy,4802,Luik,63079
Hever,3191,Vlaams-Brabant,24014
Heyd,6941,Luxemburg,83012
Hillegem,9550,Oost-Vlaanderen,41027
Hingene,2880,Antwerpen,12007
Hingeon,5380,Namen,92138
Hives,6984,Luxemburg,83031
Hoboken,2660,Antwerpen,11002
Hodeige,4351,Luik,64063
Hodister,6987,Luxemburg,83044
Hody,4162,Luik,61079
Hoegaarden,3320,Vlaams-Brabant,24041
Hoeilaart,1560,Vlaams-Brabant,23033
Hoelbeek,3746,Limburg,73006
Hoepertingen,3840,Limburg,73009
Hoeselt,3730,Limburg,73032
Hoevenen,2940,Antwerpen,11044
Hofstade,1981,Vlaams-Brabant,41002
Hofstade,9308,Oost-Vlaanderen,41002
Hogne,5377,Namen,91120
Hognoul,4342,Luik,62006
Hollain,7620,Henegouwen,57093
Hollange,6637,Luxemburg,82009
Hollebeke,8902,West-Vlaanderen,33011
Hollogne-Aux-Pierres,4460,Luik,62118
Holsbeek,3220,Vlaams-Brabant,24043
Hombeek,2811,Antwerpen,12025
Hombourg,4852,Luik,63088
Hondelange,6780,Luxemburg,81015
Honnay,5570,Namen,91013
Hooglede,8830,West-Vlaanderen,36006
Hoogstade,8690,West-Vlaanderen,38002
Hoogstraten,2320,Antwerpen,13014
Hornu,7301,Henegouwen,53014
Horpmaal,3870,Limburg,73022
Horrues,7060,Henegouwen,55040
Hotton,6990,Luxemburg,83028
Houdemont,6724,Luxemburg,85046
Houdeng-Aimeries,7110,Henegouwen,55022
Houdeng-Goegnies,7110,Henegouwen,55022
Houdremont,5575,Namen,91054
Houffalize,6660,Luxemburg,82014
Hour,5563,Namen,91072
Housse,4671,Luik,62119
Houtain-Le-Val,1476,Waals-Brabant,25031
Houtaing,7812,Henegouwen,51004
Houtave,8377,West-Vlaanderen,31042
Houtem,8630,West-Vlaanderen,38025
Houthem,7781,Henegouwen,54010
Houthulst,8650,West-Vlaanderen,32006
Houtvenne,2235,Antwerpen,13016
Houwaart,3390,Vlaams-Brabant,24135
Houyet,5560,Namen,91072
Hove,2540,Antwerpen,11021
Hoves,7830,Henegouwen,55039
Howardries,7624,Henegouwen,57093
Huise,9750,Oost-Vlaanderen,45057
Huissignies,7950,Henegouwen,51014
Huizingen,1654,Vlaams-Brabant,23003
Huldenberg,3040,Vlaams-Brabant,24045
Hulshout,2235,Antwerpen,13016
Hulsonniaux,5560,Namen,91072
Hulste,8531,West-Vlaanderen,34013
Humain,6900,Luxemburg,83034
Humbeek,1851,Vlaams-Brabant,23025
Hundelgem,9630,Oost-Vlaanderen,45065
Huppaye,1367,Waals-Brabant,25122
Huy,4500,Luik,61031
Hyon,7022,Henegouwen,53053
Ichtegem,8480,West-Vlaanderen,35006
Idegem,9506,Oost-Vlaanderen,41018
Ieper,8900,West-Vlaanderen,33011
Incourt,1315,Waals-Brabant,25043
Ingelmunster,8770,West-Vlaanderen,36007
Ingooigem,8570,West-Vlaanderen,34002
Irchonwelz,7801,Henegouwen,51004
Isnes,5032,Namen,92142
Itegem,2222,Antwerpen,12014
Itterbeek,1701,Vlaams-Brabant,23016
Ittre,1460,Waals-Brabant,25044
Ivoz-Ramet,4400,Luik,62120
Izegem,8870,West-Vlaanderen,36008
Izel,6810,Luxemburg,85007
Izenberge,8691,West-Vlaanderen,38002
Izier,6941,Luxemburg,83012
Jabbeke,8490,West-Vlaanderen,31012
Jalhay,4845,Luik,63038
Jallet,5354,Namen,92097
Jamagne,5600,Namen,93056
Jambes,5100,Namen,92094
Jamiolle,5600,Namen,93056
Jamioulx,6120,Henegouwen,56086
Jamoigne,6810,Luxemburg,85007
Jandrain-Jandrenouille,1350,Waals-Brabant,25120
Jauche,1350,Waals-Brabant,25120
Jauchelette,1370,Waals-Brabant,25048
Javingue,5570,Namen,91013
Jehonville,6880,Luxemburg,84009
Jemappes,7012,Henegouwen,53053
Jemelle,5580,Namen,91114
Jemeppe-sur-sambre,5190,Namen,92140
Jeneffe,4357,Luik,91064
Jeneffe,5370,Namen,91064
Jette,1090,Brussel,21010
Jeuk,3890,Limburg,71017
Jodoigne,1370,Waals-Brabant,25048
Jodoigne-Souveraine,1370,Waals-Brabant,25048
Jollain-Merlin,7620,Henegouwen,57093
Joncret,6280,Henegouwen,52025
Jumet,6040,Henegouwen,52011
Jupille-Sur-Meuse,4020,Luik,62063
Juprelle,4450,Luik,62060
Jurbise,7050,Henegouwen,53044
Juseret,6642,Luxemburg,82036
Kachtem,8870,West-Vlaanderen,36008
Kaggevinne,3293,Vlaams-Brabant,24020
Kalken,9270,Oost-Vlaanderen,42010
Kallo,9120,Oost-Vlaanderen,46003
Kallo,9130,Oost-Vlaanderen,46003
Kalmthout,2920,Antwerpen,11022
Kampenhout,1910,Vlaams-Brabant,23038
Kanegem,8700,West-Vlaanderen,37015
Kanne,3770,Limburg,73066
Kapelle-op-den-bos,1880,Vlaams-Brabant,23039
Kapellen,2950,Antwerpen,24137
Kapellen,3381,Vlaams-Brabant,24137
Kaprijke,9970,Oost-Vlaanderen,43007
Kaster,8572,West-Vlaanderen,34002
Kasterlee,2460,Antwerpen,13017
Kaulille,3950,Limburg,72003
Keerbergen,3140,Vlaams-Brabant,24048
Keiem,8600,West-Vlaanderen,32003
Kemmel,8956,West-Vlaanderen,33039
Kemzeke,9190,Oost-Vlaanderen,46024
Kerkom,3370,Vlaams-Brabant,24016
Kerksken,9451,Oost-Vlaanderen,41024
Kermt,3510,Limburg,71022
Kerniel,3840,Limburg,73009
Kersbeek-Miskom,3472,Vlaams-Brabant,24054
Kessel,2560,Antwerpen,12026
Kessel-Lo,3010,Vlaams-Brabant,24062
Kessenich,3640,Limburg,72018
Kester,1755,Vlaams-Brabant,23024
Kettenis,4701,Luik,63023
Kieldrecht,9130,Oost-Vlaanderen,46003
Kinrooi,3640,Limburg,72018
Kleine-Spouwen,3740,Limburg,73006
Klemskerke,8420,West-Vlaanderen,35029
Klerken,8650,West-Vlaanderen,32006
Knesselare,9910,Oost-Vlaanderen,44029
Knokke,8300,West-Vlaanderen,31043
Kobbegem,1730,Vlaams-Brabant,23002
Koekelare,8680,West-Vlaanderen,32010
Koekelberg,1081,Brussel,21011
Koersel,3582,Limburg,71004
Koksijde,8670,West-Vlaanderen,38014
Koningshooikt,2500,Antwerpen,12021
Koninksem,3700,Limburg,73083
Kontich,2550,Antwerpen,11024
Kooigem,8510,West-Vlaanderen,34022
Koolkerke,8000,West-Vlaanderen,31005
Koolskamp,8851,West-Vlaanderen,37020
Korbeek-Dijle,3060,Vlaams-Brabant,24009
Korbeek-Lo,3360,Vlaams-Brabant,24011
Kortemark,8610,West-Vlaanderen,32011
Kortenaken,3470,Vlaams-Brabant,24054
Kortenberg,3070,Vlaams-Brabant,24055
Kortessem,3720,Limburg,73040
Kortijs,3890,Limburg,71017
Kortrijk,8500,West-Vlaanderen,34022
Kortrijk-Dutsel,3220,Vlaams-Brabant,24043
Kozen,3850,Limburg,71045
Kraainem,1950,Vlaams-Brabant,23099
Krombeke,8972,West-Vlaanderen,33021
Kruibeke,9150,Oost-Vlaanderen,46013
Kruishoutem,9770,Oost-Vlaanderen,45017
Kumtich,3300,Vlaams-Brabant,24107
Kuringen,3511,Limburg,71022
Kuttekoven,3840,Limburg,73009
Kuurne,8520,West-Vlaanderen,34023
Kwaadmechelen,3945,Limburg,71069
Kwaremont,9690,Oost-Vlaanderen,45060
L'Ecluse,1320,Waals-Brabant,25005
La Bouverie,7080,Henegouwen,53028
La Glanerie,7611,Henegouwen,57072
La Gleize,4987,Luik,63075
La Hestre,7170,Henegouwen,52043
La Hulpe,1310,Waals-Brabant,25050
La Reid,4910,Luik,63076
La Roche-en-ardenne,6980,Luxemburg,83031
Laarne,9270,Oost-Vlaanderen,42010
Lacuisine,6821,Luxemburg,85011
Ladeuze,7950,Henegouwen,51014
Lahamaide,7890,Henegouwen,51017
Lambermont,4800,Luik,63079
Lambusart,6220,Henegouwen,52021
Lamine,4350,Luik,64063
Lamorteau,6767,Luxemburg,85047
Lampernisse,8600,West-Vlaanderen,32003
Lanaken,3620,Limburg,73042
Lanaye,4600,Luik,62108
Landegem,9850,Oost-Vlaanderen,44049
Landelies,6111,Henegouwen,52048
Landen,3400,Vlaams-Brabant,24059
Landskouter,9860,Oost-Vlaanderen,44052
Laneffe,5651,Namen,93088
Langdorp,3201,Vlaams-Brabant,24001
Lanklaar,3650,Limburg,72041
Lanquesaint,7800,Henegouwen,51004
Lantin,4450,Luik,62060
Lantremange,4300,Luik,64074
Laplaigne,7622,Henegouwen,57093
Lapscheure,8340,West-Vlaanderen,31006
Lasne-Chapelle-Saint-Lambert,1380,Waals-Brabant,25119
Lathuy,1370,Waals-Brabant,25048
Latinne,4261,Luik,64015
Latour,6761,Luxemburg,85045
Lauw,3700,Limburg,73083
Lauwe,8930,West-Vlaanderen,34027
Lavoir,4217,Luik,61028
Le Mesnil,5670,Namen,93090
Le Roeulx,7070,Henegouwen,55035
Lebbeke,9280,Oost-Vlaanderen,42011
Lede,9340,Oost-Vlaanderen,41034
Ledeberg,9050,Oost-Vlaanderen,44021
Ledegem,8880,West-Vlaanderen,36010
Leefdaal,3061,Vlaams-Brabant,24009
Leerbeek,1755,Vlaams-Brabant,23024
Leernes,6142,Henegouwen,52022
Leers-Et-Fosteau,6530,Henegouwen,56078
Leers-Nord,7730,Henegouwen,57027
Leest,2811,Antwerpen,12025
Leffinge,8432,West-Vlaanderen,35011
Leignon,5590,Namen,91030
Leisele,8691,West-Vlaanderen,38002
Leke,8600,West-Vlaanderen,32003
Lembeek,1502,Vlaams-Brabant,23027
Lembeke,9971,Oost-Vlaanderen,43007
Lendelede,8860,West-Vlaanderen,34025
Lens,7870,Henegouwen,53046
Lens-Saint-Remy,4280,Luik,64034
Lens-Saint-Servais,4250,Luik,64029
Leopoldsburg,3970,Limburg,71034
Les Avins,4560,Luik,61012
Les Bulles,6811,Luxemburg,85007
Les Hayons,6830,Luxemburg,84010
Les Waleffes,4317,Luik,64076
Lesdain,7621,Henegouwen,57093
Lessines,7860,Henegouwen,55023
Lessive,5580,Namen,91114
Lesterny,6953,Luxemburg,83040
Lesve,5170,Namen,92101
Letterhoutem,9521,Oost-Vlaanderen,41063
Leugnies,6500,Henegouwen,56005
Leut,3630,Limburg,73107
Leuven,3000,Vlaams-Brabant,24062
Leuze,5310,Namen,92035
Leuze-en-hainaut,7900,Henegouwen,57094
Leval-Chaudeville,6500,Henegouwen,56005
Leval-Trahegnies,7134,Henegouwen,56011
Libin,6890,Luxemburg,84035
Libramont-chevigny,6800,Luxemburg,84077
Lichtaart,2460,Antwerpen,13017
Lichtervelde,8810,West-Vlaanderen,36011
Liedekerke,1770,Vlaams-Brabant,23044
Lieferinge,9400,Oost-Vlaanderen,41048
Lier,2500,Antwerpen,12021
Lierneux,4990,Luik,63045
Liernu,5310,Namen,92035
Liers,4042,Luik,62051
Liezele,2870,Antwerpen,12030
Ligne,7812,Henegouwen,51004
Ligney,4254,Luik,64029
Ligny,5140,Namen,92114
Lille,2275,Antwerpen,13019
Limal,1300,Waals-Brabant,25112
Limbourg,4830,Luik,63046
Limelette,1342,Waals-Brabant,25121
Limont,4357,Luik,64023
Lincent,4287,Luik,64047
Linden,3210,Vlaams-Brabant,24066
Linkebeek,1630,Vlaams-Brabant,23100
Linkhout,3560,Limburg,71037
Linsmeau,1357,Waals-Brabant,25118
Lint,2547,Antwerpen,11025
Linter,3350,Vlaams-Brabant,24133
Lippelo,2890,Antwerpen,12034
Lisogne,5501,Namen,91034
Lives-Sur-Meuse,5101,Namen,92094
Lixhe,4600,Luik,62108
Lo,8647,West-Vlaanderen,32030
Lobbes,6540,Henegouwen,56044
Lochristi,9080,Oost-Vlaanderen,44034
Lodelinsart,6042,Henegouwen,52011
Loenhout,2990,Antwerpen,11053
Loker,8958,West-Vlaanderen,33039
Lokeren,9160,Oost-Vlaanderen,46014
Lombardsijde,8434,West-Vlaanderen,35011
Lombise,7870,Henegouwen,53046
Lommel,3920,Limburg,72020
Lommersweiler,4783,Luik,63067
Lompret,6463,Henegouwen,56016
Lomprez,6924,Luxemburg,84075
Londerzeel,1840,Vlaams-Brabant,23045
Longchamps,5310,Namen,82005
Longchamps,6688,Luxemburg,82005
Longlier,6840,Luxemburg,84043
Longueville,1325,Waals-Brabant,25018
Longvilly,6600,Luxemburg,82003
Lontzen,4710,Luik,63048
Loonbeek,3040,Vlaams-Brabant,24045
Loppem,8210,West-Vlaanderen,31040
Lot,1651,Vlaams-Brabant,23003
Lotenhulle,9880,Oost-Vlaanderen,44001
Louette-Saint-Denis,5575,Namen,91054
Louette-Saint-Pierre,5575,Namen,91054
Loupoigne,1471,Waals-Brabant,25031
Lovendegem,9920,Oost-Vlaanderen,44036
Lovenjoel,3360,Vlaams-Brabant,24011
Loverval,6280,Henegouwen,52025
Loyers,5101,Namen,92094
Lubbeek,3210,Vlaams-Brabant,24066
Luingne,7700,Henegouwen,54007
Lummen,3560,Limburg,71037
Lustin,5170,Namen,92101
Luttre,6238,Henegouwen,52055
Maarke-Kerkem,9680,Oost-Vlaanderen,45064
Maaseik,3680,Limburg,72021
Maasmechelen,3630,Limburg,73107
Machelen,1830,Vlaams-Brabant,44081
Machelen,9870,Oost-Vlaanderen,44081
Macon,6591,Henegouwen,56051
Macquenoise,6593,Henegouwen,56051
Maffe,5374,Namen,91064
Maffle,7810,Henegouwen,51004
Maillen,5330,Namen,92006
Mainvault,7812,Henegouwen,51004
Maissin,6852,Luxemburg,84050
Maizeret,5300,Namen,92003
Mal,3700,Limburg,73083
Maldegem,9990,Oost-Vlaanderen,43010
Malderen,1840,Vlaams-Brabant,23045
Malle,2390,Antwerpen,11057
Malmedy,4960,Luik,63049
Malonne,5020,Namen,92094
Malvoisin,5575,Namen,91054
Manage,7170,Henegouwen,52043
Manderfeld,4760,Luik,63012
Mannekensvere,8433,West-Vlaanderen,35011
Maransart,1380,Waals-Brabant,25119
Marbais,1495,Waals-Brabant,25107
Marbaix,6120,Henegouwen,56086
Marche-en-famenne,6900,Luxemburg,83034
Marche-Les-Dames,5024,Namen,92094
Marchienne-Au-Pont,6030,Henegouwen,52011
Marchin,4570,Luik,61039
Marchipont,7387,Henegouwen,53083
Marchovelette,5380,Namen,92138
Marcinelle,6001,Henegouwen,52011
Marcourt,6987,Luxemburg,83044
Marenne,6990,Luxemburg,83028
Mariakerke,9030,Oost-Vlaanderen,44021
Mariekerke,2880,Antwerpen,12007
Mariembourg,5660,Namen,93014
Marilles,1350,Waals-Brabant,25120
Marke,8510,West-Vlaanderen,34022
Markegem,8720,West-Vlaanderen,37002
Marneffe,4210,Luik,61010
Martelange,6630,Luxemburg,81013
Martenslinde,3742,Limburg,73006
Martouzin-Neuville,5573,Namen,91013
Masbourg,6953,Luxemburg,83040
Masnuy-Saint-Jean,7050,Henegouwen,53044
Masnuy-Saint-Pierre,7050,Henegouwen,53044
Massemen,9230,Oost-Vlaanderen,42025
Massenhoven,2240,Antwerpen,11054
Matagne-La-Grande,5680,Namen,93018
Matagne-La-Petite,5680,Namen,93018
Mater,9700,Oost-Vlaanderen,45035
Maubray,7640,Henegouwen,57003
Maurage,7110,Henegouwen,55022
Mazenzele,1745,Vlaams-Brabant,23060
Mazy,5032,Namen,92142
Mechelen,2800,Antwerpen,12025
Mechelen-Aan-De-Maas,3630,Limburg,73107
Mechelen-Bovelingen,3870,Limburg,73022
Meeffe,4219,Luik,64075
Meer,2321,Antwerpen,13014
Meerbeek,3078,Vlaams-Brabant,24055
Meerbeke,9402,Oost-Vlaanderen,41048
Meerdonk,9170,Oost-Vlaanderen,46020
Meerhout,2450,Antwerpen,13021
Meerle,2328,Antwerpen,13014
Meeswijk,3630,Limburg,73107
Meetkerke,8377,West-Vlaanderen,31042
Meeuwen,3670,Limburg,72040
Mehaigne,5310,Namen,92035
Meigem,9800,Oost-Vlaanderen,44011
Meilegem,9630,Oost-Vlaanderen,45065
Meise,1860,Vlaams-Brabant,23050
Meix-devant-virton,6769,Luxemburg,85024
Meix-Le-Tige,6747,Luxemburg,85034
Meldert,3320,Vlaams-Brabant,71037
Meldert,3560,Limburg,71037
Meldert,9310,Oost-Vlaanderen,71037
Melen,4633,Luik,62099
Melle,9090,Oost-Vlaanderen,44040
Mellet,6211,Henegouwen,52075
Mellier,6860,Luxemburg,84033
Melsbroek,1820,Vlaams-Brabant,23081
Melsele,9120,Oost-Vlaanderen,46003
Membach,4837,Luik,63004
Membruggen,3770,Limburg,73066
Menen,8930,West-Vlaanderen,34027
Merbes-Sainte-Marie,6567,Henegouwen,56049
Merchtem,1785,Vlaams-Brabant,23052
Merdorp,4280,Luik,64034
Mere,9420,Oost-Vlaanderen,41082
Merelbeke,9820,Oost-Vlaanderen,44043
Merendree,9850,Oost-Vlaanderen,44049
Merkem,8650,West-Vlaanderen,32006
Merksem,2170,Antwerpen,11002
Merksplas,2330,Antwerpen,13023
Merlemont,5600,Namen,93056
Mesen,8957,West-Vlaanderen,33016
Mesnil-Eglise,5560,Namen,91072
Mesnil-Saint-Blaise,5560,Namen,91072
Mespelare,9200,Oost-Vlaanderen,42006
Messancy,6780,Luxemburg,81015
Messelbroek,3272,Vlaams-Brabant,24134
Mesvin,7022,Henegouwen,53053
Mettekoven,3870,Limburg,73022
Mettet,5640,Namen,92087
Meulebeke,8760,West-Vlaanderen,37007
Meux,5081,Namen,92141
Meyerode,4770,Luik,63001
Micheroux,4630,Luik,62099
Middelburg,9992,Oost-Vlaanderen,43010
Middelkerke,8430,West-Vlaanderen,35011
Mielen-Boven-Aalst,3891,Limburg,71017
Mignault,7070,Henegouwen,55035
Millen,3770,Limburg,73066
Milmort,4041,Luik,62051
Minderhout,2322,Antwerpen,13014
Mirwart,6870,Luxemburg,84059
Modave,4577,Luik,61041
Moelingen,3790,Limburg,73109
Moen,8552,West-Vlaanderen,34042
Moerbeke,9500,Oost-Vlaanderen,44045
Moere,8470,West-Vlaanderen,35005
Moerkerke,8340,West-Vlaanderen,31006
Moerzeke,9220,Oost-Vlaanderen,42008
Moha,4520,Luik,61072
Mohiville,5361,Namen,91059
Moircy,6800,Luxemburg,84077
Mol,2400,Antwerpen,13025
Molenbaix,7760,Henegouwen,57018
Molenbeersel,3640,Limburg,72018
Molenstede,3294,Vlaams-Brabant,24020
Mollem,1730,Vlaams-Brabant,23002
Momalle,4350,Luik,64063
Momignies,6590,Henegouwen,56051
Monceau-En-Ardenne,5555,Namen,91015
Monceau-Imbrechies,6592,Henegouwen,56051
Monceau-Sur-Sambre,6031,Henegouwen,52011
Mons,7000,Henegouwen,53053
Monstreux,1400,Waals-Brabant,25072
Mont,5530,Namen,82014
Mont,6661,Luxemburg,82014
Mont-Gauthier,5580,Namen,91114
Mont-saint-guibert,1435,Waals-Brabant,25068
Mont-Sainte-Aldegonde,7141,Henegouwen,56087
Mont-Sur-Marchienne,6032,Henegouwen,52011
Montbliart,6470,Henegouwen,56088
Montenaken,3890,Limburg,71017
Montignies-Lez-Lens,7870,Henegouwen,53046
Montignies-Saint-Christophe,6560,Henegouwen,56022
Montignies-Sur-Sambre,6061,Henegouwen,52011
Montigny-le-tilleul,6110,Henegouwen,52048
Montleban,6674,Luxemburg,82037
Montroeul-Au-Bois,7911,Henegouwen,51065
Montroeul-Sur-Haine,7350,Henegouwen,53039
Montzen,4850,Luik,63088
Moorsel,9310,Oost-Vlaanderen,41002
Moorsele,8560,West-Vlaanderen,34041
Moorslede,8890,West-Vlaanderen,36012
Moortsele,9860,Oost-Vlaanderen,44052
Mopertingen,3740,Limburg,73006
Moresnet,4850,Luik,63088
Morhet,6640,Luxemburg,82036
Morkhoven,2200,Antwerpen,13011
Morlanwelz-Mariemont,7140,Henegouwen,56087
Mormont,6997,Luxemburg,83013
Mornimont,5190,Namen,92140
Mortroux,4607,Luik,62027
Mortsel,2640,Antwerpen,11029
Morville,5620,Namen,93022
Moulbaix,7812,Henegouwen,51004
Moustier,7911,Henegouwen,92140
Moxhe,4280,Luik,64034
Mozet,5340,Namen,92054
Muizen,2812,Antwerpen,71017
Muizen,3891,Limburg,71017
Mullem,9700,Oost-Vlaanderen,45035
Munkzwalm,9630,Oost-Vlaanderen,45065
Muno,6820,Luxemburg,85011
Munsterbilzen,3740,Limburg,73006
Munte,9820,Oost-Vlaanderen,44043
Musson,6750,Luxemburg,85026
My,4190,Luik,61019
Naast,7062,Henegouwen,55040
Nadrin,6660,Luxemburg,82014
Nafraiture,5550,Namen,91143
Nalinnes,6120,Henegouwen,56086
Namur,5000,Namen,92094
Nandrin,4550,Luik,61043
Naninne,5100,Namen,92094
Nassogne,6950,Luxemburg,83040
Natoye,5360,Namen,91059
Nazareth,9810,Oost-Vlaanderen,44048
Nederboelare,9500,Oost-Vlaanderen,41018
Nederbrakel,9660,Oost-Vlaanderen,45059
Nederhasselt,9400,Oost-Vlaanderen,41048
Nederokkerzeel,1910,Vlaams-Brabant,23038
Neerglabbeek,3670,Limburg,72040
Neerharen,3620,Limburg,73042
Neerheylissem,1357,Waals-Brabant,25118
Neerijse,3040,Vlaams-Brabant,24045
Neeroeteren,3680,Limburg,72021
Neerpelt,3910,Limburg,72025
Neerrepen,3700,Limburg,73083
Neerwinden,3400,Vlaams-Brabant,24059
Neigem,9403,Oost-Vlaanderen,41048
Nerem,3700,Limburg,73083
Nessonvaux,4870,Luik,62122
Nethen,1390,Waals-Brabant,25037
Nettinne,5377,Namen,91120
Neufmaison,7332,Henegouwen,53070
Neufvilles,7063,Henegouwen,55040
Neuville,5600,Namen,93056
Neuville-En-Condroz,4121,Luik,62121
Nevele,9850,Oost-Vlaanderen,44049
Niel,2845,Antwerpen,11030
Niel-Bij-As,3668,Limburg,71002
Niel-Bij-Sint-Truiden,3890,Limburg,71017
Nieuwenhove,9506,Oost-Vlaanderen,41018
Nieuwenrode,1880,Vlaams-Brabant,23039
Nieuwerkerken,3850,Limburg,71045
Nieuwerkerken,9320,Oost-Vlaanderen,71045
Nieuwkapelle,8600,West-Vlaanderen,32003
Nieuwkerke,8950,West-Vlaanderen,33039
Nieuwmunster,8377,West-Vlaanderen,31042
Nieuwpoort,8620,West-Vlaanderen,38016
Nieuwrode,3221,Vlaams-Brabant,24043
Nijlen,2560,Antwerpen,12026
Nil-Saint-Vincent-Saint-Martin,1457,Waals-Brabant,25124
Nimy,7020,Henegouwen,53053
Ninove,9400,Oost-Vlaanderen,41048
Nismes,5670,Namen,93090
Nivelles,1400,Waals-Brabant,25072
Nives,6640,Luxemburg,82036
Nobressart,6717,Luxemburg,81003
Nodebais,1320,Waals-Brabant,25005
Noduwez,1350,Waals-Brabant,25120
Noirchain,7080,Henegouwen,53028
Noirefontaine,6831,Luxemburg,84010
Noiseux,5377,Namen,91120
Nokere,9771,Oost-Vlaanderen,45017
Nollevaux,6851,Luxemburg,84050
Noorderwijk,2200,Antwerpen,13011
Noordschote,8647,West-Vlaanderen,32030
Nossegem,1930,Vlaams-Brabant,23094
Nothomb,6717,Luxemburg,81003
Nouvelles,7022,Henegouwen,53053
Noville,4347,Luik,82003
Noville,6600,Luxemburg,82003
Noville-Les-Bois,5380,Namen,92138
Obaix,6230,Henegouwen,52055
Obigies,7743,Henegouwen,57062
Obourg,7034,Henegouwen,53053
Ochamps,6890,Luxemburg,84035
Ocquier,4560,Luik,61012
Odeigne,6960,Luxemburg,83055
Oedelem,8730,West-Vlaanderen,31003
Oekene,8800,West-Vlaanderen,36015
Oelegem,2520,Antwerpen,11035
Oeselgem,8720,West-Vlaanderen,37002
Oetingen,1755,Vlaams-Brabant,23024
Oeudeghien,7911,Henegouwen,51065
Oevel,2260,Antwerpen,13049
Offagne,6850,Luxemburg,84050
Ogy,7862,Henegouwen,55023
Ohain,1380,Waals-Brabant,25119
Ohey,5350,Namen,92097
Oizy,5555,Namen,91015
Okegem,9400,Oost-Vlaanderen,41048
Olen,2250,Antwerpen,13029
Oleye,4300,Luik,64074
Ollignies,7866,Henegouwen,55023
Olloy-Sur-Viroin,5670,Namen,93090
Olmen,2491,Antwerpen,13003
Olne,4877,Luik,63057
Olsene,9870,Oost-Vlaanderen,44081
Omal,4252,Luik,64029
On,6900,Luxemburg,83034
Onhaye,5520,Namen,91103
Onkerzele,9500,Oost-Vlaanderen,41018
Onnezies,7387,Henegouwen,53083
Onoz,5190,Namen,92140
Onze-Lieve-Vrouw-Waver,2861,Antwerpen,12035
Ooigem,8710,West-Vlaanderen,37017
Oordegem,9340,Oost-Vlaanderen,41034
Oostakker,9041,Oost-Vlaanderen,44021
Oostduinkerke,8670,West-Vlaanderen,38014
Oosteeklo,9968,Oost-Vlaanderen,43002
Oostende,8400,West-Vlaanderen,35013
Oosterzele,9860,Oost-Vlaanderen,44052
Oostham,3945,Limburg,71069
Oostkamp,8020,West-Vlaanderen,31022
Oostkerke,8340,West-Vlaanderen,32003
Oostkerke,8600,West-Vlaanderen,32003
Oostmalle,2390,Antwerpen,11057
Oostnieuwkerke,8840,West-Vlaanderen,36019
Oostrozebeke,8780,West-Vlaanderen,37010
Oostvleteren,8640,West-Vlaanderen,33041
Oostwinkel,9931,Oost-Vlaanderen,44080
Opbrakel,9660,Oost-Vlaanderen,45059
Opglabbeek,3660,Limburg,71047
Opgrimbie,3630,Limburg,73107
Ophain-Bois-Seigneur-Isaac,1421,Waals-Brabant,25014
Ophasselt,9500,Oost-Vlaanderen,41018
Opheers,3870,Limburg,73022
Opheylissem,1357,Waals-Brabant,25118
Ophoven,3640,Limburg,72018
Opitter,3960,Limburg,72004
Oplinter,3300,Vlaams-Brabant,24107
Opoeteren,3680,Limburg,72021
Opont,6852,Luxemburg,84050
Opprebais,1315,Waals-Brabant,25043
Oppuurs,2890,Antwerpen,12034
Opwijk,1745,Vlaams-Brabant,23060
Orbais,1360,Waals-Brabant,25084
Ordingen,3800,Limburg,71053
Oret,5640,Namen,92087
Oreye,4360,Luik,64056
Orgeo,6880,Luxemburg,84009
Ormeignies,7802,Henegouwen,51004
Orp-Le-Grand,1350,Waals-Brabant,25120
Orroir,7750,Henegouwen,57095
Orsmaal-Gussenhoven,3350,Vlaams-Brabant,24133
Ortho,6983,Luxemburg,83031
Ostiches,7804,Henegouwen,51004
Otegem,8553,West-Vlaanderen,34042
Oteppe,4210,Luik,61010
Ottenburg,3040,Vlaams-Brabant,24045
Ottergem,9420,Oost-Vlaanderen,41082
Ottignies,1340,Waals-Brabant,25121
Oud-heverlee,3050,Vlaams-Brabant,24086
Oud-turnhout,2360,Antwerpen,13031
Oudegem,9200,Oost-Vlaanderen,42006
Oudekapelle,8600,West-Vlaanderen,32003
Oudenaarde,9700,Oost-Vlaanderen,45035
Oudenaken,1600,Vlaams-Brabant,23077
Oudenburg,8460,West-Vlaanderen,35014
Oudergem,1160,Brussel,21002
Ouffet,4590,Luik,61048
Oupeye,4680,Luik,62079
Outer,9406,Oost-Vlaanderen,41048
Outrijve,8582,West-Vlaanderen,34003
Ouwegem,9750,Oost-Vlaanderen,45057
Overboelare,9500,Oost-Vlaanderen,41018
Overijse,3090,Vlaams-Brabant,23062
Overpelt,3900,Limburg,72029
Overrepen,3700,Limburg,73083
Paal,3583,Limburg,71004
Paifve,4452,Luik,62060
Pailhe,4560,Luik,61012
Paliseul,6850,Luxemburg,84050
Papignies,7861,Henegouwen,55023
Parike,9661,Oost-Vlaanderen,45059
Passendale,8980,West-Vlaanderen,33037
Patignies,5575,Namen,91054
Paulatem,9630,Oost-Vlaanderen,45065
Pecq,7740,Henegouwen,57062
Peer,3990,Limburg,72030
Peissant,7120,Henegouwen,56085
Pellaines,4287,Luik,64047
Pellenberg,3212,Vlaams-Brabant,24066
Pepingen,1670,Vlaams-Brabant,23064
Pepinster,4860,Luik,63058
Perk,1820,Vlaams-Brabant,23081
Pervijze,8600,West-Vlaanderen,32003
Perwez,1360,Waals-Brabant,92097
Pesche,5660,Namen,93014
Pessoux,5590,Namen,91030
Petigny,5660,Namen,93014
Petit-Rechain,4800,Luik,63079
Petit-Roeulx-Lez-Braine,7090,Henegouwen,55004
Petite-Chapelle,5660,Namen,93014
Peutie,1800,Vlaams-Brabant,23088
Philippeville,5600,Namen,93056
Pipaix,7904,Henegouwen,57094
Piringen,3700,Limburg,73083
Pironchamps,6240,Henegouwen,52018
Pittem,8740,West-Vlaanderen,37011
Plancenoit,1380,Waals-Brabant,25119
Ploegsteert,7782,Henegouwen,54010
Poederlee,2275,Antwerpen,13019
Poeke,9880,Oost-Vlaanderen,44001
Poelkapelle,8920,West-Vlaanderen,33040
Poesele,9850,Oost-Vlaanderen,44049
Pollare,9401,Oost-Vlaanderen,41048
Polleur,4800,Luik,63076
Polleur,4910,Luik,63076
Pollinkhove,8647,West-Vlaanderen,32030
Pommeroeul,7322,Henegouwen,51009
Pontillas,5380,Namen,92138
Poperinge,8970,West-Vlaanderen,33021
Poppel,2382,Antwerpen,13035
Popuelles,7760,Henegouwen,57018
Porcheresse,5370,Namen,91064
Porcheresse,6929,Luxemburg,91064
Pottes,7760,Henegouwen,57018
Poucet,4280,Luik,64034
Poulseur,4171,Luik,62026
Poupehan,6830,Luxemburg,84010
Pousset,4350,Luik,64063
Presgaux,5660,Namen,93014
Presles,6250,Henegouwen,52074
Profondeville,5170,Namen,92101
Proven,8972,West-Vlaanderen,33021
Pry,5650,Namen,93088
Pulderbos,2242,Antwerpen,11054
Pulle,2243,Antwerpen,11054
Purnode,5530,Namen,91141
Putte,2580,Antwerpen,12029
Puurs,2870,Antwerpen,12030
Quaregnon,7390,Henegouwen,53065
Quenast,1430,Waals-Brabant,25123
Quevaucamps,7972,Henegouwen,51008
Rachecourt,6792,Luxemburg,81004
Racour,4287,Luik,64047
Raeren,4730,Luik,63061
Ragnies,6532,Henegouwen,56078
Rahier,4987,Luik,63075
Ramegnies,7971,Henegouwen,51008
Ramegnies-Chin,7520,Henegouwen,57081
Ramelot,4557,Luik,61081
Ramillies,1367,Waals-Brabant,25122
Ramsdonk,1880,Vlaams-Brabant,23039
Ramsel,2230,Antwerpen,13013
Ramskapelle,8301,West-Vlaanderen,38016
Ramskapelle,8620,West-Vlaanderen,38016
Rance,6470,Henegouwen,56088
Ransart,6043,Henegouwen,52011
Ransberg,3470,Vlaams-Brabant,24054
Ranst,2520,Antwerpen,11035
Ravels,2380,Antwerpen,13035
Rebaix,7804,Henegouwen,51004
Rebecq-Rognon,1430,Waals-Brabant,25123
Recht,4780,Luik,63067
Recogne,6800,Luxemburg,84077
Redu,6890,Luxemburg,84035
Reet,2840,Antwerpen,11037
Rekem,3621,Limburg,73042
Rekkem,8930,West-Vlaanderen,34027
Relegem,1731,Vlaams-Brabant,23002
Remagne,6800,Luxemburg,84077
Remersdaal,3791,Limburg,73109
Remicourt,4350,Luik,64063
Rendeux,6987,Luxemburg,83044
Reninge,8647,West-Vlaanderen,32030
Reningelst,8970,West-Vlaanderen,33021
Renlies,6500,Henegouwen,56005
Reppel,3950,Limburg,72003
Ressaix,7134,Henegouwen,56011
Ressegem,9551,Oost-Vlaanderen,41027
Resteigne,6927,Luxemburg,84068
Retie,2470,Antwerpen,13036
Retinne,4621,Luik,62038
Reuland,4790,Luik,63087
Rhisnes,5080,Namen,92141
Richelle,4600,Luik,62108
Riemst,3770,Limburg,73066
Rienne,5575,Namen,91054
Rijkel,3840,Limburg,73009
Rijkevorsel,2310,Antwerpen,13037
Rijkhoven,3740,Limburg,73006
Rijmenam,2820,Antwerpen,12005
Riksingen,3700,Limburg,73083
Rillaar,3202,Vlaams-Brabant,24001
Rixensart,1330,Waals-Brabant,25091
Robechies,6460,Henegouwen,56016
Robelmont,6769,Luxemburg,85024
Robertville,4950,Luik,63080
Roborst,9630,Oost-Vlaanderen,45065
Rochefort,5580,Namen,91114
Rochehaut,6830,Luxemburg,84010
Rocherath,4761,Luik,63012
Roclenge-Sur-Geer,4690,Luik,62011
Roesbrugge-Haringe,8972,West-Vlaanderen,33021
Roeselare,8800,West-Vlaanderen,36015
Roisin,7387,Henegouwen,53083
Roksem,8460,West-Vlaanderen,35014
Rollegem,8510,West-Vlaanderen,34022
Roly,5600,Namen,93056
Romedenne,5600,Namen,93056
Romershoven,3730,Limburg,73032
Rongy,7623,Henegouwen,57093
Ronse,9600,Oost-Vlaanderen,45041
Ronsele,9932,Oost-Vlaanderen,44080
Roosbeek,3370,Vlaams-Brabant,24016
Roosdaal,1760,Vlaams-Brabant,23097
Roselies,6250,Henegouwen,52074
Rosmeer,3740,Limburg,73006
Rosoux-Crenwick,4257,Luik,64008
Rossignol,6730,Luxemburg,85039
Rotem,3650,Limburg,72041
Rotselaar,3110,Vlaams-Brabant,24094
Roucourt,7601,Henegouwen,57064
Rouveroy,7120,Henegouwen,56085
Rouvreux,4140,Luik,62100
Roux,6044,Henegouwen,52011
Roux-Miroir,1315,Waals-Brabant,25043
Roy,6900,Luxemburg,83034
Rozebeke,9630,Oost-Vlaanderen,45065
Ruddervoorde,8020,West-Vlaanderen,31022
Ruette,6760,Luxemburg,85045
Ruisbroek,1601,Vlaams-Brabant,23077
Ruisbroek,2870,Antwerpen,23077
Ruiselede,8755,West-Vlaanderen,37012
Rukkelingen-Loon,3870,Limburg,73022
Rumbeke,8800,West-Vlaanderen,36015
Rumes,7610,Henegouwen,57072
Rummen,3454,Vlaams-Brabant,24028
Rumst,2840,Antwerpen,11037
Runkelen,3803,Limburg,71053
Rupelmonde,9150,Oost-Vlaanderen,46013
Russeignies,7750,Henegouwen,57095
Rutten,3700,Limburg,73083
Saint-Amand,6221,Henegouwen,52021
Saint-Aubin,5620,Namen,93022
Saint-Denis,7034,Henegouwen,92141
Saint-georges-sur-meuse,4470,Luik,64065
Saint-Germain,5310,Namen,92035
Saint-ghislain,7330,Henegouwen,53070
Saint-hubert,6870,Luxemburg,84059
Saint-Jean-Geest,1370,Waals-Brabant,25048
Saint-Marc,5003,Namen,92094
Saint-Martin,5190,Namen,92140
Saint-nicolas,4420,Luik,62093
Saint-Pierre,6800,Luxemburg,84077
Saint-Remy,4672,Luik,62119
Saint-Remy,6460,Henegouwen,62119
Saint-Remy-Geest,1370,Waals-Brabant,25048
Saint-Servais,5002,Namen,92094
Saint-Symphorien,7030,Henegouwen,53053
Saint-Vaast,7100,Henegouwen,55022
Saint-Vincent,6730,Luxemburg,85039
Sainte-Marie-Chevigny,6800,Luxemburg,84077
Saintes,1480,Waals-Brabant,25105
Salles,6460,Henegouwen,56016
Samart,5600,Namen,93056
Sart-Bernard,5330,Namen,92006
Sart-Custinne,5575,Namen,91054
Sart-Dames-Avelines,1495,Waals-Brabant,25107
Sart-En-Fagne,5600,Namen,93056
Sart-Eustache,5070,Namen,92048
Sart-Saint-Laurent,5070,Namen,92048
Sautour,5600,Namen,93056
Schaarbeek,1030,Brussel,21015
Schaffen,3290,Vlaams-Brabant,24020
Schalkhoven,3732,Limburg,73032
Schaltin,5364,Namen,91059
Scheldewindeke,9860,Oost-Vlaanderen,44052
Schelle,2627,Antwerpen,11038
Schellebelle,9260,Oost-Vlaanderen,42026
Schendelbeke,9506,Oost-Vlaanderen,41018
Schepdaal,1703,Vlaams-Brabant,23016
Scherpenheuvel,3270,Vlaams-Brabant,24134
Schilde,2970,Antwerpen,11039
Schoonaarde,9200,Oost-Vlaanderen,42006
Schore,8433,West-Vlaanderen,35011
Schorisse,9688,Oost-Vlaanderen,45064
Schoten,2900,Antwerpen,11040
Schriek,2223,Antwerpen,12014
Schuiferskapelle,8700,West-Vlaanderen,37015
Schulen,3540,Limburg,71024
Sclayn,5300,Namen,92003
Scy,5361,Namen,91059
Seilles,5300,Namen,92003
Seloignes,6596,Henegouwen,56051
Seneffe,7180,Henegouwen,52063
Sensenruth,6832,Luxemburg,84010
Seny,4557,Luik,61081
Senzeille,5630,Namen,93010
Septon,6940,Luxemburg,83012
Seraing,4100,Luik,62096
Serinchamps,5590,Namen,91030
Serskamp,9260,Oost-Vlaanderen,42026
Serville,5521,Namen,91103
Sibret,6640,Luxemburg,82036
Sijsele,8340,West-Vlaanderen,31006
Silenrieux,5630,Namen,93010
Silly,7830,Henegouwen,55039
Sinsin,5377,Namen,91120
Sint-agatha-berchem,1082,Brussel,21003
Sint-Agatha-Rode,3040,Vlaams-Brabant,24045
Sint-amands,2890,Antwerpen,12034
Sint-Amandsberg,9040,Oost-Vlaanderen,44021
Sint-Andries,8200,West-Vlaanderen,31005
Sint-Antelinks,9550,Oost-Vlaanderen,41027
Sint-Baafs-Vijve,8710,West-Vlaanderen,37017
Sint-Blasius-Boekel,9630,Oost-Vlaanderen,45065
Sint-Denijs,8554,West-Vlaanderen,34042
Sint-Denijs-Boekel,9630,Oost-Vlaanderen,45065
Sint-Eloois-Vijve,8793,West-Vlaanderen,34040
Sint-Eloois-Winkel,8880,West-Vlaanderen,36010
Sint-genesius-rode,1640,Vlaams-Brabant,23101
Sint-gillis,1060,Brussel,21013
Sint-gillis-waas,9170,Oost-Vlaanderen,46020
Sint-Goriks-Oudenhove,9620,Oost-Vlaanderen,41081
Sint-Huibrechts-Lille,3910,Limburg,72025
Sint-Jacobs-Kapelle,8600,West-Vlaanderen,32003
Sint-Jan,8900,West-Vlaanderen,33011
Sint-Jan-In-Eremo,9982,Oost-Vlaanderen,43014
Sint-jans-molenbeek,1080,Brussel,21012
Sint-Joost-ten-Node,1210,Brussel,21014
Sint-Joris,8620,West-Vlaanderen,38016
Sint-Joris,8730,West-Vlaanderen,38016
Sint-Joris-Weert,3051,Vlaams-Brabant,24086
Sint-Joris-Winge,3390,Vlaams-Brabant,24135
Sint-katelijne-waver,2860,Antwerpen,12035
Sint-Katherina-Lombeek,1742,Vlaams-Brabant,23086
Sint-Kornelis-Horebeke,9667,Oost-Vlaanderen,45062
Sint-Kruis,8310,West-Vlaanderen,31005
Sint-Lambrechts-Herk,3500,Limburg,71022
Sint-lambrechts-woluwe,1200,Brussel,21018
Sint-laureins,9980,Oost-Vlaanderen,43014
Sint-Laureins-Berchem,1600,Vlaams-Brabant,23077
Sint-Lenaarts,2960,Antwerpen,11009
Sint-Lievens-Esse,9550,Oost-Vlaanderen,41027
Sint-lievens-houtem,9520,Oost-Vlaanderen,41063
Sint-Margriete,9981,Oost-Vlaanderen,43014
Sint-Maria-Horebeke,9667,Oost-Vlaanderen,45062
Sint-Maria-Latem,9630,Oost-Vlaanderen,45065
Sint-Maria-Lierde,9570,Oost-Vlaanderen,45063
Sint-Maria-Oudenhove,9620,Oost-Vlaanderen,41081
Sint-Maria-Oudenhove,9660,Oost-Vlaanderen,41081
Sint-martens-latem,9830,Oost-Vlaanderen,44064
Sint-Martens-Leerne,9800,Oost-Vlaanderen,44011
Sint-Martens-Lennik,1750,Vlaams-Brabant,23104
Sint-Martens-Lierde,9572,Oost-Vlaanderen,45063
Sint-Martens-Voeren,3790,Limburg,73109
Sint-Michiels,8200,West-Vlaanderen,31005
Sint-niklaas,9100,Oost-Vlaanderen,46021
Sint-Pauwels,9170,Oost-Vlaanderen,46020
Sint-Pieters-Kapelle,1541,Vlaams-Brabant,35011
Sint-Pieters-Kapelle,8433,West-Vlaanderen,35011
Sint-pieters-leeuw,1600,Vlaams-Brabant,23077
Sint-Pieters-Rode,3220,Vlaams-Brabant,24043
Sint-Pieters-Voeren,3792,Limburg,73109
Sint-pieters-woluwe,1150,Brussel,21019
Sint-Stevens-Woluwe,1932,Vlaams-Brabant,23094
Sint-truiden,3800,Limburg,71053
Sippenaeken,4851,Luik,63088
Sirault,7332,Henegouwen,53070
Sivry,6470,Henegouwen,56088
Sleidinge,9940,Oost-Vlaanderen,44019
Slijpe,8433,West-Vlaanderen,35011
Slins,4450,Luik,62060
Sluizen,3700,Limburg,73083
Smeerebbe-Vloerzegem,9506,Oost-Vlaanderen,41018
Smetlede,9340,Oost-Vlaanderen,41034
Smuid,6890,Luxemburg,84035
Snaaskerke,8470,West-Vlaanderen,35005
Snellegem,8490,West-Vlaanderen,31012
Soheit-Tinlot,4557,Luik,61081
Sohier,6920,Luxemburg,84075
Soignies,7060,Henegouwen,55040
Soiron,4861,Luik,63058
Solre-Sur-Sambre,6560,Henegouwen,56022
Sombreffe,5140,Namen,92114
Somme-leuze,5377,Namen,91120
Sommethonne,6769,Luxemburg,85024
Sorinne-La-Longue,5333,Namen,92006
Sosoye,5537,Namen,91005
Soulme,5680,Namen,93018
Soumagne,4630,Luik,62099
Soumoy,5630,Namen,93010
Souvret,6182,Henegouwen,52015
Sovet,5590,Namen,91030
Soy,6997,Luxemburg,83013
Soye,5150,Namen,92045
Spa,4900,Luik,63072
Spalbeek,3510,Limburg,71022
Spiennes,7032,Henegouwen,53053
Spiere,8587,West-Vlaanderen,34043
Spontin,5530,Namen,91141
Sprimont,4140,Luik,62100
Spy,5190,Namen,92140
Stabroek,2940,Antwerpen,11044
Staden,8840,West-Vlaanderen,36019
Stalhille,8490,West-Vlaanderen,31012
Stambruges,7973,Henegouwen,51008
Stave,5646,Namen,92087
Stavele,8691,West-Vlaanderen,38002
Stavelot,4970,Luik,63073
Steendorp,9140,Oost-Vlaanderen,46025
Steenhuffel,1840,Vlaams-Brabant,23045
Steenhuize-Wijnhuize,9550,Oost-Vlaanderen,41027
Steenkerke,8630,West-Vlaanderen,38025
Steenkerque,7090,Henegouwen,55004
Steenokkerzeel,1820,Vlaams-Brabant,23081
Stekene,9190,Oost-Vlaanderen,46024
Stembert,4801,Luik,63079
Sterrebeek,1933,Vlaams-Brabant,23094
Stevoort,3512,Limburg,71022
Stokkem,3650,Limburg,72041
Stokrooie,3511,Limburg,71022
Stoumont,4987,Luik,63075
Straimont,6887,Luxemburg,84029
Strijpen,9620,Oost-Vlaanderen,41081
Stuivekenskerke,8600,West-Vlaanderen,32003
Sugny,5550,Namen,91143
Surice,5600,Namen,93056
Suxy,6812,Luxemburg,85007
Tailles,6661,Luxemburg,82014
Taintignies,7618,Henegouwen,57072
Tamines,5060,Namen,92137
Tarcienne,5651,Namen,93088
Taviers,5310,Namen,92035
Tavigny,6662,Luxemburg,82014
Tellin,6927,Luxemburg,84068
Templeuve,7520,Henegouwen,57081
Temploux,5020,Namen,92094
Temse,9140,Oost-Vlaanderen,46025
Tenneville,6970,Luxemburg,83049
Teralfene,1790,Vlaams-Brabant,23105
Terhagen,2840,Antwerpen,11037
Termes,6813,Luxemburg,85007
Ternat,1740,Vlaams-Brabant,23086
Tertre,7333,Henegouwen,53070
Tervuren,3080,Vlaams-Brabant,24104
Terwagne,4560,Luik,61012
Tessenderlo,3980,Limburg,71057
Testelt,3272,Vlaams-Brabant,24134
Teuven,3793,Limburg,73109
Theux,4910,Luik,63076
Thiaumont,6717,Luxemburg,81003
Thieu,7070,Henegouwen,55035
Thieulain,7901,Henegouwen,57094
Thieusies,7061,Henegouwen,55040
Thimister,4890,Luik,63089
Thines,1402,Waals-Brabant,25072
Thirimont,6500,Henegouwen,56005
Thisnes,4280,Luik,64034
Thommen,4791,Luik,63087
Thon,5300,Namen,92003
Thorembais-Saint-Trond,1360,Waals-Brabant,25084
Thoricourt,7830,Henegouwen,55039
Thuillies,6536,Henegouwen,56078
Thuin,6530,Henegouwen,56078
Thulin,7350,Henegouwen,53039
Thumaide,7971,Henegouwen,51008
Thynes,5502,Namen,91034
Tiegem,8573,West-Vlaanderen,34002
Tielen,2460,Antwerpen,13017
Tielrode,9140,Oost-Vlaanderen,46025
Tielt,3390,Vlaams-Brabant,37015
Tielt,8700,West-Vlaanderen,37015
Tienen,3300,Vlaams-Brabant,24107
Tilff,4130,Luik,62032
Tillet,6680,Luxemburg,82038
Tilleur,4420,Luik,62093
Tillier,5380,Namen,92138
Tilly,1495,Waals-Brabant,25107
Tinlot,4557,Luik,61081
Tintange,6637,Luxemburg,82009
Tintigny,6730,Luxemburg,85039
Toernich,6700,Luxemburg,81001
Tohogne,6941,Luxemburg,83012
Tollembeek,1570,Vlaams-Brabant,23023
Tongeren,3700,Limburg,73083
Tongerlo,2260,Antwerpen,72004
Tongerlo,3960,Limburg,72004
Tongre-Notre-Dame,7951,Henegouwen,51014
Tongre-Saint-Martin,7950,Henegouwen,51014
Tongrinne,5140,Namen,92114
Tontelange,6717,Luxemburg,81003
Torgny,6767,Luxemburg,85047
Torhout,8820,West-Vlaanderen,31033
Tourinne,4263,Luik,64015
Tourinnes-La-Grosse,1320,Waals-Brabant,25005
Tourinnes-Saint-Lambert,1457,Waals-Brabant,25124
Tournai,7500,Henegouwen,57081
Tournay,6840,Luxemburg,84043
Tourpes,7904,Henegouwen,57094
Transinne,6890,Luxemburg,84035
Trazegnies,6183,Henegouwen,52015
Treignes,5670,Namen,93090
Trembleur,4670,Luik,62119
Tremelo,3120,Vlaams-Brabant,24109
Trois-ponts,4980,Luik,63086
Tubize,1480,Waals-Brabant,25105
Turnhout,2300,Antwerpen,13040
Ucimont,6833,Luxemburg,84010
Uikhoven,3631,Limburg,73107
Uitbergen,9290,Oost-Vlaanderen,42003
Uitkerke,8370,West-Vlaanderen,31004
Ukkel,1180,Brussel,21016
Ulbeek,3832,Limburg,73098
Upigny,5310,Namen,92035
Ursel,9910,Oost-Vlaanderen,44029
Vaalbeek,3054,Vlaams-Brabant,24086
Vance,6741,Luxemburg,85009
Varendonk,2431,Antwerpen,13053
Varsenare,8490,West-Vlaanderen,31012
Vaucelles,5680,Namen,93018
Vaulx,7536,Henegouwen,57081
Vaux-Et-Borset,4530,Luik,61068
Vechmaal,3870,Limburg,73022
Veerle,2431,Antwerpen,13053
Velaines,7760,Henegouwen,57018
Veldegem,8210,West-Vlaanderen,31040
Veldwezelt,3620,Limburg,73042
Vellereille-Le-Sec,7120,Henegouwen,56085
Vellereille-Les-Brayeux,7120,Henegouwen,56085
Velm,3806,Limburg,71053
Veltem-Beisem,3020,Vlaams-Brabant,24038
Velzeke-Ruddershove,9620,Oost-Vlaanderen,41081
Vencimont,5575,Namen,91054
Verlaine,4537,Luik,61063
Verrebroek,9130,Oost-Vlaanderen,46003
Verviers,4800,Luik,63079
Vesqueville,6870,Luxemburg,84059
Veulen,3870,Limburg,73022
Veurne,8630,West-Vlaanderen,38025
Vezin,5300,Namen,92003
Vezon,7538,Henegouwen,57081
Viane,9500,Oost-Vlaanderen,41018
Vichte,8570,West-Vlaanderen,34002
Vielsalm,6690,Luxemburg,82032
Viemme,4317,Luik,64076
Viersel,2240,Antwerpen,11054
Vierset-Barse,4577,Luik,61041
Vierves-Sur-Viroin,5670,Namen,93090
Viesville,6230,Henegouwen,52055
Vieux-Genappe,1472,Waals-Brabant,25031
Vieux-Waleffe,4530,Luik,61068
Vieuxville,4190,Luik,61019
Villance,6890,Luxemburg,84035
Ville-En-Hesbaye,4260,Luik,64015
Villerot,7334,Henegouwen,53070
Villers-Deux-Eglises,5630,Namen,93010
Villers-Devant-Orval,6823,Luxemburg,85011
Villers-En-Fagne,5600,Namen,93056
Villers-La-Bonne-Eau,6600,Luxemburg,82003
Villers-La-Loue,6769,Luxemburg,85024
Villers-La-Tour,6460,Henegouwen,56016
Villers-la-ville,1495,Waals-Brabant,25107
Villers-le-bouillet,4530,Luik,61068
Villers-Le-Gambon,5600,Namen,93056
Villers-Le-Peuplier,4280,Luik,64034
Villers-Le-Temple,4550,Luik,61043
Villers-Lez-Heest,5080,Namen,92141
Villers-Perwin,6210,Henegouwen,52075
Villers-Poterie,6280,Henegouwen,52025
Villers-Saint-Amand,7812,Henegouwen,51004
Villers-Saint-Ghislain,7031,Henegouwen,53053
Villers-Sainte-Gertrude,6941,Luxemburg,83012
Villers-Sur-Lesse,5580,Namen,91114
Villers-Sur-Semois,6740,Luxemburg,85009
Vilvoorde,1800,Vlaams-Brabant,23088
Vinalmont,4520,Luik,61072
Vinderhoute,9921,Oost-Vlaanderen,44036
Vinkt,9800,Oost-Vlaanderen,44011
Virelles,6461,Henegouwen,56016
Virginal-Samme,1460,Waals-Brabant,25044
Virton,6760,Luxemburg,85045
Vissenaken,3300,Vlaams-Brabant,24107
Vitrival,5070,Namen,92048
Vivy,6833,Luxemburg,84010
Vladslo,8600,West-Vlaanderen,32003
Vlamertinge,8908,West-Vlaanderen,33011
Vlekkem,9420,Oost-Vlaanderen,41082
Vliermaal,3724,Limburg,73040
Vliermaalroot,3721,Limburg,73040
Vlierzele,9520,Oost-Vlaanderen,41063
Vlijtingen,3770,Limburg,73066
Vlimmeren,2340,Antwerpen,13004
Vollezele,1570,Vlaams-Brabant,23023
Voorde,9400,Oost-Vlaanderen,41048
Voormezele,8902,West-Vlaanderen,33011
Voort,3840,Limburg,73009
Voroux-Lez-Liers,4451,Luik,62060
Vorselaar,2290,Antwerpen,13044
Vorsen,3890,Limburg,71017
Vorst,1190,Brussel,21007
Vorst,2430,Antwerpen,21007
Vosselaar,2350,Antwerpen,13046
Vosselare,9850,Oost-Vlaanderen,44049
Vossem,3080,Vlaams-Brabant,24104
Vottem,4041,Luik,62051
Vrasene,9120,Oost-Vlaanderen,46003
Vremde,2531,Antwerpen,11004
Vreren,3700,Limburg,73083
Vresse-sur-semois,5550,Namen,91143
Vroenhoven,3770,Limburg,73066
Vucht,3630,Limburg,73107
Vurste,9890,Oost-Vlaanderen,44020
Vyle-Et-Tharoul,4570,Luik,61039
Waanrode,3473,Vlaams-Brabant,24054
Waarbeke,9506,Oost-Vlaanderen,41018
Waardamme,8020,West-Vlaanderen,31022
Waarloos,2550,Antwerpen,11024
Waarmaarde,8581,West-Vlaanderen,34003
Waarschoot,9950,Oost-Vlaanderen,44072
Waasmunster,9250,Oost-Vlaanderen,42023
Wachtebeke,9185,Oost-Vlaanderen,44073
Wadelincourt,7971,Henegouwen,51008
Waillet,5377,Namen,91120
Waimes,4950,Luik,63080
Wakken,8720,West-Vlaanderen,37002
Walcourt,5650,Namen,93088
Walem,2800,Antwerpen,12025
Walhain-Saint-Paul,1457,Waals-Brabant,25124
Walhorn,4711,Luik,63048
Walshoutem,3401,Vlaams-Brabant,24059
Waltwilder,3740,Limburg,73006
Wambeek,1741,Vlaams-Brabant,23086
Wancennes,5570,Namen,91013
Wandre,4020,Luik,62063
Wangenies,6220,Henegouwen,52021
Wanlin,5564,Namen,91072
Wannegem-Lede,9772,Oost-Vlaanderen,45017
Wanze,4520,Luik,61072
Wanzele,9340,Oost-Vlaanderen,41034
Warchin,7548,Henegouwen,57081
Warcoing,7740,Henegouwen,57062
Wardin,6600,Luxemburg,82003
Waregem,8790,West-Vlaanderen,34040
Waremme,4300,Luik,64074
Warisoulx,5080,Namen,92141
Warnant-Dreye,4530,Luik,61068
Warquignies,7340,Henegouwen,53082
Warsage,4608,Luik,62027
Wasmes,7340,Henegouwen,53082
Wasmes-Audemez-Briffoeil,7604,Henegouwen,57064
Wasmuel,7390,Henegouwen,53065
Waterland-Oudeman,9988,Oost-Vlaanderen,43014
Waterloo,1410,Waals-Brabant,25110
Watermaal-bosvoorde,1170,Brussel,21017
Watervliet,9988,Oost-Vlaanderen,43014
Watou,8978,West-Vlaanderen,33021
Wattripont,7910,Henegouwen,51065
Waudrez,7131,Henegouwen,56011
Waulsort,5540,Namen,91142
Wauthier-Braine,1440,Waals-Brabant,25015
Wavre,1300,Waals-Brabant,25112
Wayaux,6210,Henegouwen,52075
Ways,1474,Waals-Brabant,25031
Webbekom,3290,Vlaams-Brabant,24020
Wechelderzande,2275,Antwerpen,13019
Weelde,2381,Antwerpen,13035
Weerde,1982,Vlaams-Brabant,23096
Weert,2880,Antwerpen,12007
Wegnez,4860,Luik,63058
Weillen,5523,Namen,91103
Welden,9700,Oost-Vlaanderen,45035
Welkenraedt,4840,Luik,63084
Welle,9473,Oost-Vlaanderen,41011
Wellen,3830,Limburg,73098
Wellin,6920,Luxemburg,84075
Wemmel,1780,Vlaams-Brabant,23102
Wenduine,8420,West-Vlaanderen,35029
Werbomont,4190,Luik,61019
Werchter,3118,Vlaams-Brabant,24094
Werken,8610,West-Vlaanderen,32011
Werm,3730,Limburg,73032
Wervik,8940,West-Vlaanderen,33029
Wespelaar,3150,Vlaams-Brabant,24033
Westende,8434,West-Vlaanderen,35011
Westerlo,2260,Antwerpen,13049
Westkapelle,8300,West-Vlaanderen,31043
Westkerke,8460,West-Vlaanderen,35014
Westmalle,2390,Antwerpen,11057
Westmeerbeek,2235,Antwerpen,13016
Westouter,8954,West-Vlaanderen,33039
Westrem,9230,Oost-Vlaanderen,42025
Westrozebeke,8840,West-Vlaanderen,36019
Westvleteren,8640,West-Vlaanderen,33041
Wetteren,9230,Oost-Vlaanderen,42025
Wevelgem,8560,West-Vlaanderen,34041
Wez-Velvain,7620,Henegouwen,57093
Wezemaal,3111,Vlaams-Brabant,24094
Wezembeek-oppem,1970,Vlaams-Brabant,23103
Wibrin,6666,Luxemburg,82014
Wichelen,9260,Oost-Vlaanderen,42026
Widooie,3700,Limburg,73083
Wiekevorst,2222,Antwerpen,12014
Wielsbeke,8710,West-Vlaanderen,37017
Wierde,5100,Namen,92094
Wiers,7608,Henegouwen,57064
Wieze,9280,Oost-Vlaanderen,42011
Wihogne,4452,Luik,62060
Wijchmaal,3990,Limburg,72030
Wijer,3850,Limburg,71045
Wijnegem,2110,Antwerpen,11050
Wijshagen,3670,Limburg,72040
Wijtschate,8953,West-Vlaanderen,33039
Wilderen,3803,Limburg,71053
Willaupuis,7904,Henegouwen,57094
Willebroek,2830,Antwerpen,12040
Willerzie,5575,Namen,91054
Wilrijk,2610,Antwerpen,11002
Wilsele,3012,Vlaams-Brabant,24062
Wilskerke,8431,West-Vlaanderen,35011
Wimmertingen,3501,Limburg,71022
Winenne,5570,Namen,91013
Wingene,8750,West-Vlaanderen,37018
Winksele,3020,Vlaams-Brabant,24038
Wintershoven,3722,Limburg,73040
Witry,6860,Luxemburg,84033
Wodecq,7890,Henegouwen,51017
Woesten,8640,West-Vlaanderen,33041
Wolkrange,6780,Luxemburg,81015
Wolvertem,1861,Vlaams-Brabant,23050
Wommelgem,2160,Antwerpen,11052
Wonck,4690,Luik,62011
Wondelgem,9032,Oost-Vlaanderen,44021
Wontergem,9800,Oost-Vlaanderen,44011
Wortegem,9790,Oost-Vlaanderen,45061
Wortel,2323,Antwerpen,13014
Woubrechtegem,9550,Oost-Vlaanderen,41027
Woumen,8600,West-Vlaanderen,32003
Wulpen,8670,West-Vlaanderen,38014
Wulvergem,8952,West-Vlaanderen,33039
Wuustwezel,2990,Antwerpen,11053
Xhendelesse,4652,Luik,63035
Xhoris,4190,Luik,61019
Yvoir,5530,Namen,91141
Zaffelare,9080,Oost-Vlaanderen,44034
Zandbergen,9506,Oost-Vlaanderen,41018
Zande,8680,West-Vlaanderen,32010
Zandhoven,2240,Antwerpen,11054
Zandvoorde,8400,West-Vlaanderen,33037
Zandvoorde,8980,West-Vlaanderen,33037
Zarlardinge,9500,Oost-Vlaanderen,41018
Zarren,8610,West-Vlaanderen,32011
Zaventem,1930,Vlaams-Brabant,23094
Zedelgem,8210,West-Vlaanderen,31040
Zegelsem,9660,Oost-Vlaanderen,45059
Zele,9240,Oost-Vlaanderen,42028
Zelem,3545,Limburg,71020
Zellik,1731,Vlaams-Brabant,23002
Zelzate,9060,Oost-Vlaanderen,43018
Zemst,1980,Vlaams-Brabant,23096
Zerkegem,8490,West-Vlaanderen,31012
Zevekote,8470,West-Vlaanderen,35005
Zeveneken,9080,Oost-Vlaanderen,44034
Zeveren,9800,Oost-Vlaanderen,44011
Zichem,3271,Vlaams-Brabant,24134
Zichen-Zussen-Bolder,3770,Limburg,73066
Zillebeke,8902,West-Vlaanderen,33011
Zingem,9750,Oost-Vlaanderen,45057
Zoerle-Parwijs,2260,Antwerpen,13049
Zoersel,2980,Antwerpen,11055
Zomergem,9930,Oost-Vlaanderen,44080
Zonhoven,3520,Limburg,71066
Zonnebeke,8980,West-Vlaanderen,33037
Zonnegem,9520,Oost-Vlaanderen,41063
Zottegem,9620,Oost-Vlaanderen,41081
Zoutenaaie,8630,West-Vlaanderen,38025
Zoutleeuw,3440,Vlaams-Brabant,24130
Zuidschote,8904,West-Vlaanderen,33011
Zuienkerke,8377,West-Vlaanderen,31042
Zulte,9870,Oost-Vlaanderen,44081
Zulzeke,9690,Oost-Vlaanderen,45060
Zutendaal,3690,Limburg,71067
Zwevegem,8550,West-Vlaanderen,34042
Zwevezele,8750,West-Vlaanderen,37018
Zwijndrecht,2070,Antwerpen,11056
Abe,4557,Luik,61081
Achne,5590,Namen,91030
Amblve,4770,Luik,63001
Anhe,5537,Namen,91005
Anseremme,5500,Namen,91034
Anthe,5520,Namen,91103
Arc-Ainires,7910,Henegouwen,51065
Arc-Wattripont,7910,Henegouwen,51065
Awirs,4400,Luik,62120
Bagimont,5550,Namen,91143
Bailivre,6460,Henegouwen,56016
Baillamont,5555,Namen,85039
Baltre,5190,Namen,92140
Barbenon,6500,Henegouwen,56005
Barchon,4671,Luik,62119
Barvaux-Sur-Ourthe,6940,Luxemburg,83012
Bascles,7971,Henegouwen,51008
Battignies,7130,Henegouwen,56011
Beek,3960,Limburg,72004
Ben-Ahin,4500,Luik,61031
Berendrecht,2040,Antwerpen,11002
Bergilers,4360,Luik,64056
Bersillies-L'Abbaye,6560,Henegouwen,56022
Bertre,4280,Luik,64034
Berze,5651,Namen,93088
Beverc,4960,Luik,63049
Bevere,9700,Oost-Vlaanderen,45035
Beveren-Aan-De-Ijzer,8691,West-Vlaanderen,38002
Beveren-waas,9120,Oost-Vlaanderen,46003
Bierset,4460,Luik,62118
Biesmere,5640,Namen,92087
Bivre,5555,Namen,85039
Bihain,6690,Luxemburg,82032
Bizet,7783,Henegouwen,54010
Blgny,4670,Luik,62119
Blharies,7620,Henegouwen,57093
Bodegne,4537,Luik,61063
Bolhe,4250,Luik,64029
Boigne,5140,Namen,92114
Bois-De-Villers,5170,Namen,92101
Bois-Et-Borsu,4560,Luik,61012
Bomal-Sur-Ourthe,6941,Luxemburg,83012
Bommershoven,3840,Limburg,73009
Bossire,5032,Namen,92142
Bouvignes-Sur-Meuse,5500,Namen,91034
Bovelingen,3870,Limburg,73022
Braine-le-chteau,1440,Waals-Brabant,25015
Breendonk,2870,Antwerpen,12030
Brly,5660,Namen,93014
Brly-De-Pesche,5660,Namen,93014
Buissonville,5580,Namen,91114
Bullange,4760,Luik,63012
Cambron-Casteau,7940,Henegouwen,51012
Carnires,7141,Henegouwen,56087
Chairire,5550,Namen,91143
Champion,5020,Namen,92094
Chapelle--Oie,7903,Henegouwen,57094
Chapelle--Wattines,7903,Henegouwen,57094
Chastrs,5650,Namen,93088
Chtelet,6200,Henegouwen,52012
Chtelineau,6200,Henegouwen,52012
Chtillon,6747,Luxemburg,85034
Chausse-Notre-Dame-Louvignies,7063,Henegouwen,55040
Chivres,7950,Henegouwen,51014
Chokier,4400,Luik,62120
Comblain-La-Tour,4180,Luik,61024
Cornesse,4860,Luik,63058
Cornimont,5555,Namen,85039
Corroy-Le-Chteau,5032,Namen,92142
Crisne,4367,Luik,64021
Daussoulx,5020,Namen,92094
Dene,5537,Namen,91005
Desteldonk,9042,Oost-Vlaanderen,44014
Diets-Heur,3700,Limburg,73083
Dikkelvenne,9890,Oost-Vlaanderen,44020
Dion-Valmont,1325,Waals-Brabant,25018
Dottenijs,7711,Henegouwen,54007
Drhance,5500,Namen,91034
Driekapellen,8600,West-Vlaanderen,32003
Drieslinter,3350,Vlaams-Brabant,24133
Ecaussinnes-D'Enghien,7190,Henegouwen,55050
Ecaussinnes-Lalaing,7191,Henegouwen,55050
Edelare,9700,Oost-Vlaanderen,45035
Edingen,7850,Henegouwen,55010
Egheze,5310,Namen,92035
Eine,9700,Oost-Vlaanderen,45035
Eke,9810,Oost-Vlaanderen,44048
Elene,9620,Oost-Vlaanderen,41081
Eliksem,3400,Vlaams-Brabant,24059
Ellignies-Lez-Frasnes,7910,Henegouwen,51065
Ellignies-Saint-Anne,7972,Henegouwen,51008
Elsegem,9790,Oost-Vlaanderen,45061
Emelgem,8870,West-Vlaanderen,36008
Ename,9700,Oost-Vlaanderen,45035
Ere,7500,Henegouwen,57081
Ereze,6997,Luxemburg,83013
Ernage,5030,Namen,92142
Esen,8600,West-Vlaanderen,32003
Eugies,7080,Henegouwen,53028
Evrehailles,5530,Namen,91141
Ezemaal,3400,Vlaams-Brabant,24059
Fagnolle,5600,Namen,93056
Ferrires,4190,Luik,61019
Fize-Le-Marsal,4367,Luik,64021
Flmalle-Grande,4400,Luik,62120
Flmalle-Haute,4400,Luik,62120
Flnu,7012,Henegouwen,53053
Flne,4540,Luik,61003
Fooz,4340,Luik,62006
Fort,4870,Luik,62122
Forrires,6953,Luxemburg,83040
Fosse,4980,Luik,63086
Fourbechies,6440,Henegouwen,56029
Franire,5150,Namen,92045
Frasnes-Lez-Buissenal,7911,Henegouwen,51065
Freloux,4347,Luik,64025
Geest-Grompont-Petit-Rosire,1367,Waals-Brabant,25122
Gelbresse,5024,Namen,92094
Genoelselderen,3770,Limburg,73066
Gerdingen,3960,Limburg,72004
Grompont,1367,Waals-Brabant,25122
Grouville,6769,Luxemburg,85024
Gestel,2590,Antwerpen,12002
Gierle,2275,Antwerpen,13019
Gimne,5680,Namen,93018
Gleixhe,4400,Luik,62120
Glons,4690,Luik,62011
Gochene,5680,Namen,93018
Goegnies-Chausse,7040,Henegouwen,53084
Gomz-Andoumont,4140,Luik,62100
Gottignies,7070,Henegouwen,55035
Grce-Berleur,4460,Luik,62118
Grce-hollogne,4460,Luik,62118
Grand-Manil,5030,Namen,92142
Grand-Rosire-Hottomont,1367,Waals-Brabant,25122
Grandglise,7973,Henegouwen,51008
Grandville,4360,Luik,64056
Groot-Bijgaarden,1702,Vlaams-Brabant,23016
Gros-Fays,5555,Namen,85039
Grote-Brogel,3990,Limburg,72030
Gutshoven,3870,Limburg,73022
Hamipr,6840,Luxemburg,84043
Hamme-Mille,1320,Waals-Brabant,25005
Hannche,4210,Luik,61010
Hantes-Wihries,6560,Henegouwen,56022
Harchies,7321,Henegouwen,51009
Haren,3700,Limburg,73083
Haren,3840,Limburg,73009
Harz,4920,Luik,62009
Hastire-Lavaux,5540,Namen,91142
Hatrival,6870,Luxemburg,84059
Haut-Le-Wastia,5537,Namen,91005
Haversin,5590,Namen,91030
Heinsch,6700,Luxemburg,81001
Heist-Aan-Zee,8301,West-Vlaanderen,38016
Helen-Bos,3440,Vlaams-Brabant,24130
Hemptinne-Lez-Florennes,5620,Namen,93022
Hennuyres,7090,Henegouwen,55004
Hrinnes-Lez-Pecq,7742,Henegouwen,57062
Herme,4680,Luik,62079
Hron,4217,Luik,61028
Hvillers,1435,Waals-Brabant,25068
Hoeke,8340,West-Vlaanderen,31006
Hollogne-Sur-Geer,4250,Luik,64029
Hompr,6640,Luxemburg,82036
Horion-Hozmont,4460,Luik,62118
Houtain-Saint-Simon,4682,Luik,62079
Houthalen,3530,Limburg,72039
Houx,5530,Namen,91141
Huccorgne,4520,Luik,61072
Impe,9340,Oost-Vlaanderen,41034
Isires,7822,Henegouwen,51004
Jehay,4540,Luik,61003
Jemeppe-Sur-Meuse,4101,Luik,62096
Jesseren,3840,Limburg,73009
Julmont,4650,Luik,63035
Kaaskerke,8600,West-Vlaanderen,32003
Kemexhe,4367,Luik,64021
Kerkhove,8581,West-Vlaanderen,34003
Kerkom-Bij-Sint-Truiden,3800,Limburg,71053
Keumie,5060,Namen,92137
Klein-Gelmen,3870,Limburg,73022
Kleine-Brogel,3990,Limburg,72030
Kluizen,9940,Oost-Vlaanderen,44019
Kolmont,3700,Limburg,73083
Kolmont,3840,Limburg,73009
Komen,7780,Henegouwen,54010
Komen-waasten,7780,Henegouwen,54010
L'Escaillre,6464,Henegouwen,56016
La Calamine,4720,Luik,63040
La Louvire,7100,Henegouwen,55022
Laar,3400,Vlaams-Brabant,24059
Labuissire,6567,Henegouwen,56049
Laforet,5550,Namen,91143
Lamontze,4210,Luik,61010
Landenne,5300,Namen,92003
Langemark,8920,West-Vlaanderen,33040
Lavaux-Saint-Anne,5580,Namen,91114
Le Roux,5070,Namen,92048
Leeuwergem,9620,Oost-Vlaanderen,41081
Lglise,6860,Luxemburg,84033
Lemberge,9820,Oost-Vlaanderen,44043
Lens-Sur-Geer,4360,Luik,64056
Lettelingen,7850,Henegouwen,55010
Leupegem,9700,Oost-Vlaanderen,45035
Liberchies,6238,Henegouwen,52055
Lige,4020,Luik,62063
Lillo,2040,Antwerpen,11002
Limerl,6670,Luxemburg,82037
Lissewege,8380,West-Vlaanderen,31005
Loksbergen,3545,Limburg,71020
Lonze,5030,Namen,92142
Lorc,4987,Luik,63075
Louveign,4920,Luik,62009
Maisires,7020,Henegouwen,53053
Malempr,6960,Luxemburg,83055
Malves-Sainte-Marie-Wastines,1360,Waals-Brabant,25084
Marche-Lez-Ecaussinnes,7190,Henegouwen,55050
Mark,7850,Henegouwen,55010
Maze,5670,Namen,93090
Meensel-Kiezegem,3391,Vlaams-Brabant,24135
Melden,9700,Oost-Vlaanderen,45035
Mlin,1370,Waals-Brabant,25048
Melkwezer,3350,Vlaams-Brabant,24133
Mellery,1495,Waals-Brabant,25107
Melsen,9820,Oost-Vlaanderen,44043
Membre,5550,Namen,91143
Mendonk,9042,Oost-Vlaanderen,44014
Merbes-le-chteau,6567,Henegouwen,56049
Meslin-L'Evque,7822,Henegouwen,51004
Michelbeke,9660,Oost-Vlaanderen,45059
Moerbeke-waas,9180,Oost-Vlaanderen,44045
Moeskroen,7700,Henegouwen,54007
Moignele,5060,Namen,92137
Molenbeek-Wersbeek,3461,Vlaams-Brabant,24008
Mons-Lez-Lige,4400,Luik,62120
Mont-Saint-Andr,1367,Waals-Brabant,25122
Mont-Sainte-Genevive,6540,Henegouwen,56044
Montegne,4420,Luik,62093
Montignies-Sur-Roc,7387,Henegouwen,53083
Moregem,9790,Oost-Vlaanderen,45061
Morialm,5621,Namen,93022
Mortier,4670,Luik,62119
Moustier-Sur-Sambre,5190,Namen,92140
Mouzaive,5550,Namen,91143
Mussy-La-Ville,6750,Luxemburg,85026
Namche,5300,Namen,92003
Naom,5555,Namen,85039
Nchin,7730,Henegouwen,57027
Neder-Over-Heembeek,1120,Brussel,21004
Nederename,9700,Oost-Vlaanderen,45035
Neerhespen,3350,Vlaams-Brabant,24133
Neerlanden,3404,Vlaams-Brabant,24059
Neerlinter,3350,Vlaams-Brabant,24133
Neervelp,3370,Vlaams-Brabant,24016
Neerwaasten,7784,Henegouwen,54010
Neu-Moresnet,4721,Luik,63040
Neufchteau,4608,Luik,62027
Neufchteau,6840,Luxemburg,84043
Nieuwkerken-Waas,9100,Oost-Vlaanderen,46021
Niverle,5680,Namen,93018
Noville-Sur-Mhaigne,5310,Namen,92035
Odeur,4367,Luik,64021
Oeren,8690,West-Vlaanderen,38002
Oignies-En-Thirache,5670,Namen,93090
Oisquercq,1480,Waals-Brabant,25105
Ombret,4540,Luik,61003
Omeze,5600,Namen,93056
Onze-Lieve-Vrouw-Lombeek,1760,Vlaams-Brabant,23097
Ooike,9700,Oost-Vlaanderen,45035
Ooike,9790,Oost-Vlaanderen,45061
Oombergen,9520,Oost-Vlaanderen,41063
Oombergen,9620,Oost-Vlaanderen,41081
Oorbeek,3300,Vlaams-Brabant,24107
Opdorp,9255,Oost-Vlaanderen,42004
Opvelp,3360,Vlaams-Brabant,24011
Orchimont,5550,Namen,91143
Othe,4340,Luik,62006
Otrange,4360,Luik,64056
Outrelouxhe,4577,Luik,61041
Overhespen,3350,Vlaams-Brabant,24133
Overmere,9290,Oost-Vlaanderen,42003
Overwinden,3400,Vlaams-Brabant,24059
Pamel,1760,Vlaams-Brabant,23097
Paturages,7340,Henegouwen,53082
Pronnes-Lez-Antoing,7640,Henegouwen,57003
Pronnes-Lez-Binche,7134,Henegouwen,56011
Perwez-Haillot,5352,Namen,92097
Petegem-Aan-De-Leie,9800,Oost-Vlaanderen,44011
Petegem-Aan-De-Schelde,9790,Oost-Vlaanderen,45061
Petit-Fays,5555,Namen,85039
Petit-Hallet,4280,Luik,64034
Petit-Roeulx-Lez-Nivelles,7181,Henegouwen,52063
Piton,7160,Henegouwen,52010
Pitrain,1370,Waals-Brabant,25048
Pitrebais,1315,Waals-Brabant,25043
Pont--celles,6230,Henegouwen,52055
Pont-De-Loup,6250,Henegouwen,52074
Pussemange,5550,Namen,91143
Queue-Du-Bois,4610,Luik,62015
Quvy-Le-Grand,7040,Henegouwen,53084
Quvy-Le-Petit,7040,Henegouwen,53084
Quivrain,7380,Henegouwen,53068
Rves,6210,Henegouwen,52075
Rizes,6464,Henegouwen,56016
Rivire,5170,Namen,92101
Rogne,5651,Namen,93088
Rollegem-Kapelle,8880,West-Vlaanderen,36010
Roloux,4347,Luik,64025
Romere,5680,Namen,93018
Ronquires,7090,Henegouwen,55004
Rose,5620,Namen,93022
Rotheux-Rimire,4120,Luik,62121
Ruien,9690,Oost-Vlaanderen,11002
Rulles,6724,Luxemburg,85046
Rumsdorp,3400,Vlaams-Brabant,24059
Saint-Denis-Bovesse,5081,Namen,92141
Saint-Grard,5640,Namen,92087
Saint-Gry,1450,Waals-Brabant,25117
Saint-lger,6747,Luxemburg,85034
Saint-Lger,7730,Henegouwen,57027
Saint-Mard,6762,Luxemburg,85045
Saint-Maur,7500,Henegouwen,57081
Saint-Mdard,6887,Luxemburg,84029
Saint-Sauveur,7912,Henegouwen,51065
Saint-Sverin,4550,Luik,61043
Saint-vith,4780,Luik,63067
Sainte-Ccile,6820,Luxemburg,85011
Sainte-Marie-Sur-Semois,6740,Luxemburg,85009
Saive,4671,Luik,62119
Sars-La-Bruyre,7080,Henegouwen,53028
Sart-Lez-Spa,4845,Luik,63038
Sautin,6470,Henegouwen,56088
Sauvenire,5030,Namen,92142
Schelderode,9820,Oost-Vlaanderen,44043
Semmerzake,9890,Oost-Vlaanderen,44020
Seraing-Le-Chteau,4537,Luik,61063
Signeulx,6750,Luxemburg,85026
Sinaai-Waas,9112,Oost-Vlaanderen,46021
Sint-Gillis-Dendermonde,9200,Oost-Vlaanderen,42006
Sint-Huibrechts-Hern,3730,Limburg,73032
Sint-Job-In-'T-Goor,2960,Antwerpen,11009
Sint-Kruis-Winkel,9042,Oost-Vlaanderen,44014
Sint-Kwintens-Lennik,1750,Vlaams-Brabant,23104
Sint-Margriete-Houtem,3300,Vlaams-Brabant,24107
Sint-Margriete-Houtem,3470,Vlaams-Brabant,24054
Sint-Martens-Bodegem,1700,Vlaams-Brabant,23016
Sint-Rijkers,8690,West-Vlaanderen,38002
Sint-Ulriks-Kapelle,1700,Vlaams-Brabant,23016
Solre-Saint-Gry,6500,Henegouwen,56005
Sommire,5523,Namen,91103
Somze,5651,Namen,93088
Sore,5340,Namen,92054
Sougn-Remouchamps,4920,Luik,62009
Sourbrodt,4950,Luik,63080
Stene,8400,West-Vlaanderen,35013
Stre-Lez-Huy,4577,Luik,61041
Strpy-Bracquegnies,7110,Henegouwen,55022
Strijtem,1760,Vlaams-Brabant,23097
Strombeek-Bever,1853,Vlaams-Brabant,23025
Suarle,5020,Namen,92094
Thimon,6230,Henegouwen,52055
Thorembais-Les-Bguines,1360,Waals-Brabant,25084
Thy-Le-Baudouin,5621,Namen,93022
Thy-Le-Chteau,5651,Namen,93088
Thys,4367,Luik,64021
Tigne,4630,Luik,62099
Tihange,4500,Luik,61031
Tildonk,3150,Vlaams-Brabant,24033
Tisselt,2830,Antwerpen,12040
Trivires,7100,Henegouwen,55022
Trogne,4280,Luik,64034
Val-Meer,3770,Limburg,73066
Vaulx-Lez-Chimay,6462,Henegouwen,56016
Vaux-Chavanne,6960,Luxemburg,83055
Vaux-Lez-Rosires,6640,Luxemburg,82036
Vaux-sur-sre,6640,Luxemburg,82036
Vedrin,5020,Namen,92094
Velaine-Sur-Sambre,5060,Namen,92137
Velroux,4460,Luik,62118
Vergnies,6440,Henegouwen,56029
Verle,5370,Namen,91064
Vertrijk,3370,Vlaams-Brabant,24016
Ville-Pommeroeul,7322,Henegouwen,51009
Ville-Sur-Haine,7070,Henegouwen,55035
Villers-L'Evque,4340,Luik,62006
Villers-Notre-Dame,7812,Henegouwen,51004
Vinkem,8630,West-Vlaanderen,38025
Vis,4600,Luik,62108
Vlezenbeek,1602,Vlaams-Brabant,23077
Vloesberg,7880,Henegouwen,51019
Vodece,5600,Namen,93056
Vodele,5680,Namen,93018
Vogene,5650,Namen,93088
Volkegem,9700,Oost-Vlaanderen,45035
Vonche,5570,Namen,91013
Voroux-Goreux,4347,Luik,64025
Waasmont,3401,Vlaams-Brabant,24059
Waasten,7784,Henegouwen,54010
Waha,6900,Luxemburg,83034
Walsbets,3401,Vlaams-Brabant,24059
Wanferce-Baulet,6224,Henegouwen,52021
Wange,3400,Vlaams-Brabant,24059
Wanne,4980,Luik,63086
Wannebecq,7861,Henegouwen,55023
Wansin,4280,Luik,64034
Waret-L'Evque,4217,Luik,61028
Waret-La-Chausse,5310,Namen,92035
Warnant,5537,Namen,91005
Warze,4590,Luik,61048
Wasseiges,4219,Luik,64075
Wavreille,5580,Namen,91114
Wpion,5100,Namen,92094
Wris,6940,Luxemburg,83012
Wezeren,3401,Vlaams-Brabant,24059
Wiesme,5571,Namen,91013
Wihries,7370,Henegouwen,53020
Wijgmaal,3018,Vlaams-Brabant,24062
Willebringen,3370,Vlaams-Brabant,24016
Wommersom,3350,Vlaams-Brabant,24133
Wulveringem,8630,West-Vlaanderen,38025
Xhendremael,4432,Luik,62003
Yerne-Fraineux,4550,Luik,61043
Yves-Gomeze,5650,Namen,93088
Zandvliet,2040,Antwerpen,11002
Zeebrugge,8380,West-Vlaanderen,31005
Zepperen,3800,Limburg,71053
Ztrud-Lumay,1370,Waals-Brabant,25048
Zevergem,9840,Oost-Vlaanderen,44012
Zolder,3550,Limburg,71070
Adegem,9991,Oost-Vlaanderen,43010
Afsnee,9051,Oost-Vlaanderen,44021
Angleur,4031,Luik,62063
Athus,6791,Luxemburg,81004
Baal,3128,Vlaams-Brabant,24109
Barry,7534,Henegouwen,57081
Beaufays,4052,Luik,62022
Beclers,7532,Henegouwen,57081
Bierce,6533,Henegouwen,56078
Blandain,7522,Henegouwen,57081
Boninne,5021,Namen,92094
Crexhe-Heuseux,4632,Luik,62099
Croux-Mousty,1341,Waals-Brabant,25121
Chnee,4032,Luik,62063
Cheratte,4602,Luik,62108
Cognele,5022,Namen,92094
Corbion,6838,Luxemburg,84010
Courrire,5336,Namen,92006
Eksel,3941,Limburg,72038
Evegne,4631,Luik,62099
Fexhe-Slins,4458,Luik,62060
Flron,4620,Luik,62038
Flore,5334,Namen,92006
Fontaine-l'evque,6140,Henegouwen,52022
Froidmont,7504,Henegouwen,57081
Ghlin,7011,Henegouwen,53053
Glain,4000,Luik,62063
Go,4834,Luik,63046
Gosselies,6041,Henegouwen,52011
Gouy-Lez-Piton,6181,Henegouwen,52015
Goze,6534,Henegouwen,56078
Grand-Leez,5031,Namen,92142
Haren,1130,Brussel,21004
Hastire-Par-Del,5541,Namen,91142
Havre,7021,Henegouwen,53053
Hechtel,3940,Limburg,72038
Henri-Chapelle,4841,Luik,63084
Hertain,7522,Henegouwen,57081
Heverlee,3001,Vlaams-Brabant,24062
Hoeleden,3471,Vlaams-Brabant,24054
Iddergem,9472,Oost-Vlaanderen,41011
Kain,7540,Henegouwen,57081
Laken,1020,Brussel,21004
Lamain,7522,Henegouwen,57081
Lavacherie,6681,Luxemburg,82038
Lige,4000,Luik,62063
Lillois-Witterze,1428,Waals-Brabant,25014
Loncin,4431,Luik,62003
Louvain-La-Neuve,1348,Waals-Brabant,25121
Louveign,4141,Luik,62100
Mabompr,6663,Luxemburg,82014
Magne,4623,Luik,62038
Marquain,7522,Henegouwen,57081
Maulde,7534,Henegouwen,57081
Man,5372,Namen,91064
Melles,7540,Henegouwen,57081
Mvergnies-Lez-Lens,7942,Henegouwen,51012
Micret,5376,Namen,91064
Mont-Saint-Aubert,7542,Henegouwen,57081
Mourcourt,7543,Henegouwen,57081
Nederzwalm-Hermelgem,9636,Oost-Vlaanderen,45065
Nukerke,9681,Oost-Vlaanderen,45064
Orcq,7501,Henegouwen,57081
Ougre,4102,Luik,62096
Outgaarden,3321,Vlaams-Brabant,24041
Pruwelz,7600,Henegouwen,57064
Petit-Thier,6692,Luxemburg,82032
Plainevaux,4122,Luik,62121
Pondrme,5574,Namen,91013
Quartes,7540,Henegouwen,57081
Rocourt,4000,Luik,62063
Romse,4624,Luik,62038
Rosires,1331,Waals-Brabant,25091
Rumillies,7540,Henegouwen,57081
S Gravenvoeren,3798,Limburg,73109
Saint-Andr,4606,Luik,62027
Samre,6982,Luxemburg,83031
Sars-La-Buissire,6542,Henegouwen,56044
Schoenberg,4782,Luik,63012
Slange,6781,Luxemburg,81015
Sint-Denijs-Westrem,9051,Oost-Vlaanderen,44021
Sorinnes,5503,Namen,91034
Stre,6511,Henegouwen,56005
Tavier,4163,Luik,61079
Thimougies,7533,Henegouwen,57081
Vaux-Sous-Chvremont,4051,Luik,62022
Villers-Aux-Tours,4161,Luik,61079
Villers-Saint-Simon,4453,Luik,62060
Vivegnis,4683,Luik,62079
Vlissegem,8421,West-Vlaanderen,35029
Wagnele,6223,Henegouwen,52021
Willemeau,7506,Henegouwen,57081
Zwijnaarde,9052,Oost-Vlaanderen,44021